0,Afghanistan,2015,584.25921
1,Afghanistan,2014,612.696514
2,Afghanistan,2013,631.744976
3,Afghanistan,2012,669.959
4,Afghanistan,2011,63.537231
5,Afghanistan,2010,553.32894
6,Afghanistan,2009,445.8932979
7,Afghanistan,2008,373.3611163
8,Afghanistan,2007,369.835796
9,Afghanistan,2006,272.56377
10,Afghanistan,2005,25.2941299
11,Afghanistan,2004,219.1413528
12,Afghanistan,2003,198.7285436
13,Afghanistan,2002,187.84595
14,Afghanistan,2001,117.49698
15,Afghanistan,2000,114.56
16,Albania,2015,3954.22783
17,Albania,2014,4575.763787
18,Albania,2013,4414.72314
19,Albania,2012,4247.61438
20,Albania,2011,4437.17868
21,Albania,2010,494.358832
22,Albania,2009,4114.136545
23,Albania,2008,437.539647
24,Albania,2007,363.13685
25,Albania,2006,35.1293
26,Albania,2005,279.142931
27,Albania,2004,2416.588235
28,Albania,2003,189.681557
29,Albania,2002,1453.642777
30,Albania,2001,1326.97339
31,Albania,2000,1175.788981
32,Algeria,2015,4132.76292
33,Algeria,2014,547.8517
34,Algeria,2013,5471.866766
35,Algeria,2012,5564.82566
36,Algeria,2011,5432.2523
37,Algeria,2010,4463.394675
38,Algeria,2009,3868.83123
39,Algeria,2008,495.254866
40,Algeria,2007,3935.183343
41,Algeria,2006,3464.6179
42,Algeria,2005,31.122378
43,Algeria,2004,2598.9823
44,Algeria,2003,294.33556
45,Algeria,2002,1774.33673
46,Algeria,2001,1732.857979
47,Algeria,2000,1757.17797
48,Angola,2015,3695.793748
49,Angola,2014,479.31224
50,Angola,2013,484.616884
51,Angola,2012,4598.249988
52,Angola,2011,4299.12889
53,Angola,2010,3529.53482
54,Angola,2009,3347.84485
55,Angola,2008,3868.578883
56,Angola,2007,2878.837144
57,Angola,2006,262.415149
58,Angola,2005,1443.991929
59,Angola,2004,141.86844
60,Angola,2003,779.468356
61,Angola,2002,711.181716
62,Angola,2001,526.168743
63,Angola,2000,555.2969419
64,Antigua and Barbuda,2015,13566.9541
65,Antigua and Barbuda,2014,12888.29667
66,Antigua and Barbuda,2013,12224.86416
67,Antigua and Barbuda,2012,12565.44197
68,Antigua and Barbuda,2011,11929.34991
69,Antigua and Barbuda,2010,12126.87614
70,Antigua and Barbuda,2009,1312.46692
71,Antigua and Barbuda,2008,1473.31923
72,Antigua and Barbuda,2007,14252.29452
73,Antigua and Barbuda,2006,12724.39377
74,Antigua and Barbuda,2005,11371.93895
75,Antigua and Barbuda,2004,1352.8374
76,Antigua and Barbuda,2003,9739.82556
77,Antigua and Barbuda,2002,9386.716452
78,Antigua and Barbuda,2001,9358.154162
79,Antigua and Barbuda,2000,9875.161736
80,Argentina,2015,13467.1236
81,Argentina,2014,12245.25645
82,Argentina,2013,12976.63642
83,Argentina,2012,12969.7712
84,Argentina,2011,12726.9836
85,Argentina,2010,1276.265
86,Argentina,2009,8161.36966
87,Argentina,2008,8953.359275
88,Argentina,2007,7193.61764
89,Argentina,2006,5878.76127
90,Argentina,2005,576.883829
91,Argentina,2004,4251.574348
92,Argentina,2003,333.4376
93,Argentina,2002,2579.193168
94,Argentina,2001,717.694674
95,Argentina,2000,7669.273916
96,Armenia,2015,369.654776
97,Armenia,2014,3994.712355
98,Armenia,2013,3843.591213
99,Armenia,2012,3684.8481
100,Armenia,2011,3526.978143
101,Armenia,2010,3218.381655
102,Armenia,2009,2993.832531
103,Armenia,2008,41.26997
104,Armenia,2007,3138.8873
105,Armenia,2006,2158.299
106,Armenia,2005,1643.758397
107,Armenia,2004,1191.96192
108,Armenia,2003,93.1661567
109,Armenia,2002,783.261699
110,Armenia,2001,694.435119
111,Armenia,2000,622.7427477
112,Australia,2015,56554.3876
113,Australia,2014,62214.6912
114,Australia,2013,67792.3386
115,Australia,2012,67677.63477
116,Australia,2011,62245.129
117,Australia,2010,51874.848
118,Australia,2009,42742.99898
119,Australia,2008,49664.6854
120,Australia,2007,4991.98289
121,Australia,2006,36118.28381
122,Australia,2005,3416.71483
123,Australia,2004,3472.37977
124,Australia,2003,23465.38559
125,Australia,2002,281.81763
126,Australia,2001,19517.84168
127,Australia,2000,2169.921
128,Austria,2015,43665.947
129,Austria,2014,51322.63997
130,Austria,2013,554.71532
131,Austria,2012,48333.57273
132,Austria,2011,51126.74139
133,Austria,2010,46657.629
134,Austria,2009,47654.18721
135,Austria,2008,51386.37665
136,Austria,2007,46586.6525
137,Austria,2006,443.99361
138,Austria,2005,38242.4252
139,Austria,2004,36693.4262
140,Austria,2003,3212.9355
141,Austria,2002,26351.37568
142,Austria,2001,24489.73553
143,Austria,2000,24517.26745
144,Azerbaijan,2015,55.31382
145,Azerbaijan,2014,7891.299776
146,Azerbaijan,2013,7875.756953
147,Azerbaijan,2012,7496.335728
148,Azerbaijan,2011,7189.691229
149,Azerbaijan,2010,5842.85784
150,Azerbaijan,2009,495.294791
151,Azerbaijan,2008,5574.6382
152,Azerbaijan,2007,3851.437869
153,Azerbaijan,2006,2473.85776
154,Azerbaijan,2005,1578.4239
155,Azerbaijan,2004,145.2163
156,Azerbaijan,2003,883.6439965
157,Azerbaijan,2002,763.73858
158,Azerbaijan,2001,73.6838434
159,Azerbaijan,2000,655.974326
160,Bahrain,2015,22688.87824
161,Bahrain,2014,24983.3792
162,Bahrain,2013,251.18329
163,Bahrain,2012,23649.36661
164,Bahrain,2011,2281.1242
165,Bahrain,2010,2722.1389
166,Bahrain,2009,19356.67236
167,Bahrain,2008,2367.56535
168,Bahrain,2007,2977.1153
169,Bahrain,2006,1937.99549
170,Bahrain,2005,17959.17854
171,Bahrain,2004,15846.47641
172,Bahrain,2003,14221.99259
173,Bahrain,2002,1312.33457
174,Bahrain,2001,12868.211
175,Bahrain,2000,13636.34668
176,Bangladesh,2015,121.15812
177,Bangladesh,2014,184.56543
178,Bangladesh,2013,951.8894535
179,Bangladesh,2012,856.342857
180,Bangladesh,2011,835.789341
181,Bangladesh,2010,757.6717572
182,Bangladesh,2009,681.125368
183,Bangladesh,2008,615.7775411
184,Bangladesh,2007,541.651484
185,Bangladesh,2006,494.51466
186,Bangladesh,2005,484.155471
187,Bangladesh,2004,46.7579167
188,Bangladesh,2003,432.7388972
189,Bangladesh,2002,4.6135745
190,Bangladesh,2001,42.5981152
191,Bangladesh,2000,45.63371
192,Barbados,2015,15557.8381
193,Barbados,2014,15359.66971
194,Barbados,2013,15472.7814
195,Barbados,2012,15384.8749
196,Barbados,2011,15534.1574
197,Barbados,2010,1595.91232
198,Barbados,2009,16523.32388
199,Barbados,2008,1657.3228
200,Barbados,2007,16462.48556
201,Barbados,2006,15646.5591
202,Barbados,2005,14223.86576
203,Barbados,2004,12868.8639
204,Barbados,2003,1228.5447
205,Barbados,2002,11675.39395
206,Barbados,2001,11513.87189
207,Barbados,2000,11568.1111
208,Belarus,2015,5949.11677
209,Belarus,2014,8318.429294
210,Belarus,2013,7978.825443
211,Belarus,2012,694.243915
212,Belarus,2011,6519.71753
213,Belarus,2010,63.38877
214,Belarus,2009,5176.172649
215,Belarus,2008,6376.183153
216,Belarus,2007,4735.484827
217,Belarus,2006,3848.215966
218,Belarus,2005,3126.71767
219,Belarus,2004,2378.33927
220,Belarus,2003,1819.525644
221,Belarus,2002,1479.383142
222,Belarus,2001,1244.373185
223,Belarus,2000,1276.28834
224,Belgium,2015,4356.875
225,Belgium,2014,47439.39684
226,Belgium,2013,4651.38647
227,Belgium,2012,4474.5717
228,Belgium,2011,4772.77415
229,Belgium,2010,4438.23741
230,Belgium,2009,4488.5615
231,Belgium,2008,48424.58927
232,Belgium,2007,4443.83131
233,Belgium,2006,38852.3613
234,Belgium,2005,36967.28292
235,Belgium,2004,35589.71295
236,Belgium,2003,3743.95693
237,Belgium,2002,2552.3328
238,Belgium,2001,23121.56635
239,Belgium,2000,2327.4591
240,Belize,2015,4849.997495
241,Belize,2014,4852.223666
242,Belize,2013,4688.538443
243,Belize,2012,4673.63848
244,Belize,2011,4516.24675
245,Belize,2010,4344.15177
246,Belize,2009,4258.788611
247,Belize,2008,447.22796
248,Belize,2007,4324.876427
249,Belize,2006,4187.3783
250,Belize,2005,3933.332215
251,Belize,2004,3831.53819
252,Belize,2003,3679.99523
253,Belize,2002,3556.561825
254,Belize,2001,3419.275719
255,Belize,2000,3364.423711
256,Benin,2015,783.94791
257,Benin,2014,943.686575
258,Benin,2013,915.2674586
259,Benin,2012,837.9551
260,Benin,2011,825.9427854
261,Benin,2010,757.695974
262,Benin,2009,793.45243
263,Benin,2008,82.1513498
264,Benin,2007,76.535419
265,Benin,2006,625.8392
266,Benin,2005,61.799977
267,Benin,2004,583.493514
268,Benin,2003,519.2922847
269,Benin,2002,418.6985763
270,Benin,2001,378.73654
271,Benin,2000,374.1923942
272,Bhutan,2015,2613.645177
273,Bhutan,2014,2522.7968
274,Bhutan,2013,235.882889
275,Bhutan,2012,2422.816
276,Bhutan,2011,2458.45976
277,Bhutan,2010,2178.921383
278,Bhutan,2009,177.234497
279,Bhutan,2008,1795.18137
280,Bhutan,2007,1741.142552
281,Bhutan,2006,1335.45696
282,Bhutan,2005,1247.61392
283,Bhutan,2004,197.45788
284,Bhutan,2003,997.7417141
285,Bhutan,2002,885.6382245
286,Bhutan,2001,87.9387673
287,Bhutan,2000,765.8632358
288,Bosnia and Herzegovina,2015,4574.9787
289,Bosnia and Herzegovina,2014,5193.94932
290,Bosnia and Herzegovina,2013,535.86555
291,Bosnia and Herzegovina,2012,4716.673325
292,Bosnia and Herzegovina,2011,55.156834
293,Bosnia and Herzegovina,2010,4611.47298
294,Bosnia and Herzegovina,2009,4697.89732
295,Bosnia and Herzegovina,2008,575.31664
296,Bosnia and Herzegovina,2007,418.292176
297,Bosnia and Herzegovina,2006,344.321698
298,Bosnia and Herzegovina,2005,2968.41186
299,Bosnia and Herzegovina,2004,265.642661
300,Bosnia and Herzegovina,2003,2214.732246
301,Bosnia and Herzegovina,2002,1761.537647
302,Bosnia and Herzegovina,2001,1524.41222
303,Bosnia and Herzegovina,2000,1461.7552
304,Botswana,2015,6532.651
305,Botswana,2014,7497.762376
306,Botswana,2013,77.625783
307,Botswana,2012,729.231453
308,Botswana,2011,7645.21469
309,Botswana,2010,6346.15624
310,Botswana,2009,5185.729845
311,Botswana,2008,5623.379566
312,Botswana,2007,5714.47937
313,Botswana,2006,5374.554867
314,Botswana,2005,5351.253732
315,Botswana,2004,4896.583835
316,Botswana,2003,4163.6596
317,Botswana,2002,355.618382
318,Botswana,2001,3128.97793
319,Botswana,2000,3349.68823
320,Brazil,2015,8757.2622
321,Brazil,2014,1226.61731
322,Brazil,2013,12216.9446
323,Brazil,2012,12291.46685
324,Brazil,2011,13167.47289
325,Brazil,2010,11224.1548
326,Brazil,2009,8553.3847
327,Brazil,2008,8787.61375
328,Brazil,2007,7313.557962
329,Brazil,2006,586.145975
330,Brazil,2005,477.182746
331,Brazil,2004,3623.47667
332,Brazil,2003,359.587582
333,Brazil,2002,2819.649531
334,Brazil,2001,3146.95177
335,Brazil,2000,3739.11936
336,Brunei Darussalam,2015,3967.8951
337,Brunei Darussalam,2014,4159.8652
338,Brunei Darussalam,2013,44597.27968
339,Brunei Darussalam,2012,47651.2599
340,Brunei Darussalam,2011,4717.273
341,Brunei Darussalam,2010,35268.1117
342,Brunei Darussalam,2009,27965.4754
343,Brunei Darussalam,2008,37951.286
344,Brunei Darussalam,2007,32672.36717
345,Brunei Darussalam,2006,398.96692
346,Brunei Darussalam,2005,2612.13345
347,Brunei Darussalam,2004,21896.6527
348,Brunei Darussalam,2003,18555.56649
349,Brunei Darussalam,2002,16846.2198
350,Brunei Darussalam,2001,16468.12886
351,Brunei Darussalam,2000,188.44826
352,Bulgaria,2015,6993.47736
353,Bulgaria,2014,7853.335191
354,Bulgaria,2013,7674.86559
355,Bulgaria,2012,7378.25539
356,Bulgaria,2011,7813.83499
357,Bulgaria,2010,6843.263289
358,Bulgaria,2009,6955.987733
359,Bulgaria,2008,7296.122479
360,Bulgaria,2007,5932.899677
361,Bulgaria,2006,4513.13628
362,Bulgaria,2005,3893.68998
363,Bulgaria,2004,3381.57837
364,Bulgaria,2003,271.46824
365,Bulgaria,2002,287.534843
366,Bulgaria,2001,1764.97387
367,Bulgaria,2000,169.28586
368,Burkina Faso,2015,615.592225
369,Burkina Faso,2014,75.1464113
370,Burkina Faso,2013,699.452847
371,Burkina Faso,2012,673.8227
372,Burkina Faso,2011,666.842783
373,Burkina Faso,2010,575.4464527
374,Burkina Faso,2009,552.7455521
375,Burkina Faso,2008,569.7612784
376,Burkina Faso,2007,475.11122
377,Burkina Faso,2006,422.6332374
378,Burkina Faso,2005,46.998871
379,Burkina Faso,2004,371.323865
380,Burkina Faso,2003,332.344351
381,Burkina Faso,2002,26.7635413
382,Burkina Faso,2001,235.4912324
383,Burkina Faso,2000,226.4759814
384,Burundi,2015,33.681223
385,Burundi,2014,312.7489794
386,Burundi,2013,282.7555252
387,Burundi,2012,265.285651
388,Burundi,2011,26.479973
389,Burundi,2010,231.1943256
390,Burundi,2009,24.944652
391,Burundi,2008,196.2472628
392,Burundi,2007,17.79995
393,Burundi,2006,165.8794176
394,Burundi,2005,15.57434
395,Burundi,2004,127.4296648
396,Burundi,2003,112.849373
397,Burundi,2002,122.4335893
398,Burundi,2001,133.7427689
399,Burundi,2000,135.9984455
400,Cabo Verde,2015,2954.119467
401,Cabo Verde,2014,3529.61843
402,Cabo Verde,2013,3558.796314
403,Cabo Verde,2012,348.482762
404,Cabo Verde,2011,367.429453
405,Cabo Verde,2010,3312.825985
406,Cabo Verde,2009,3444.5566
407,Cabo Verde,2008,3638.95946
408,Cabo Verde,2007,3112.285712
409,Cabo Verde,2006,234.28992
410,Cabo Verde,2005,248.13459
411,Cabo Verde,2004,1976.45856
412,Cabo Verde,2003,1768.92132
413,Cabo Verde,2002,1373.515636
414,Cabo Verde,2001,1268.884564
415,Cabo Verde,2000,1239.377855
416,Cambodia,2015,1163.18977
417,Cambodia,2014,198.687123
418,Cambodia,2013,128.419568
419,Cambodia,2012,95.244132
420,Cambodia,2011,882.491462
421,Cambodia,2010,785.6928841
422,Cambodia,2009,738.2326684
423,Cambodia,2008,745.7877873
424,Cambodia,2007,631.675789
425,Cambodia,2006,539.8791529
426,Cambodia,2005,474.2238766
427,Cambodia,2004,48.615184
428,Cambodia,2003,362.4213785
429,Cambodia,2002,339.676984
430,Cambodia,2001,321.22634
431,Cambodia,2000,3.685949
432,Cameroon,2015,1244.429421
433,Cameroon,2014,1441.1417
434,Cameroon,2013,1365.34419
435,Cameroon,2012,1255.648189
436,Cameroon,2011,1295.649726
437,Cameroon,2010,1182.869227
438,Cameroon,2009,123.19538
439,Cameroon,2008,1233.524316
440,Cameroon,2007,111.71186
441,Cameroon,2006,12.989164
442,Cameroon,2005,952.1872484
443,Cameroon,2004,93.211716
444,Cameroon,2003,824.8689393
445,Cameroon,2002,676.397661
446,Cameroon,2001,614.6729339
447,Cameroon,2000,68.414399
448,Canada,2015,43315.744
449,Canada,2014,544.43376
450,Canada,2013,52413.72116
451,Canada,2012,52496.69487
452,Canada,2011,5282.2176
453,Canada,2010,47447.4762
454,Canada,2009,4773.45436
455,Canada,2008,46596.33599
456,Canada,2007,44544.5268
457,Canada,2006,4386.69948
458,Canada,2005,36189.58838
459,Canada,2004,31979.87195
460,Canada,2003,28172.14883
461,Canada,2002,24167.8431
462,Canada,2001,23691.59472
463,Canada,2000,24124.16917
464,Central African Republic,2015,348.381417
465,Central African Republic,2014,377.132274
466,Central African Republic,2013,337.4849614
467,Central African Republic,2012,486.41114
468,Central African Republic,2011,494.336779
469,Central African Republic,2010,446.4434494
470,Central African Republic,2009,449.961839
471,Central African Republic,2008,456.8614334
472,Central African Republic,2007,397.148467
473,Central African Republic,2006,347.673678
474,Central African Republic,2005,327.1149461
475,Central African Republic,2004,313.21598
476,Central African Republic,2003,286.25819
477,Central African Republic,2002,253.768343
478,Central African Republic,2001,243.1586486
479,Central African Republic,2000,243.5429317
480,Chad,2015,777.248751
481,Chad,2014,125.998515
482,Chad,2013,986.13177
483,Chad,2012,973.472574
484,Chad,2011,989.2363633
485,Chad,2010,896.5697341
486,Chad,2009,84.455939
487,Chad,2008,929.772391
488,Chad,2007,81.683884
489,Chad,2006,712.1847694
490,Chad,2005,66.2421396
491,Chad,2004,454.6765879
492,Chad,2003,292.5914364
493,Chad,2002,22.854821
494,Chad,2001,197.3156442
495,Chad,2000,166.231785
496,Chile,2015,13653.2264
497,Chile,2014,14817.37778
498,Chile,2013,15941.39722
499,Chile,2012,15431.9293
500,Chile,2011,1475.69242
501,Chile,2010,1286.17764
502,Chile,2009,1243.32824
503,Chile,2008,1781.3668
504,Chile,2007,1526.87746
505,Chile,2006,9484.681227
506,Chile,2005,7615.3468
507,Chile,2004,621.828325
508,Chile,2003,4787.699532
509,Chile,2002,4463.545867
510,Chile,2001,4595.666327
511,Chile,2000,511.368479
512,China,2015,869.211938
513,China,2014,7683.5238
514,China,2013,777.77594
515,China,2012,6337.882993
516,China,2011,5633.79616
517,China,2010,456.512487
518,China,2009,3838.434292
519,China,2008,3471.247547
520,China,2007,2695.366223
521,China,2006,299.229676
522,China,2005,1753.4178
523,China,2004,158.668462
524,China,2003,1288.642924
525,China,2002,1148.5857
526,China,2001,153.1824
527,China,2000,959.372181
528,Colombia,2015,644.525556
529,Colombia,2014,7913.383432
530,Colombia,2013,83.5863
531,Colombia,2012,7884.984429
532,Colombia,2011,7227.73968
533,Colombia,2010,625.65544
534,Colombia,2009,5148.422113
535,Colombia,2008,5433.7245
536,Colombia,2007,4674.21961
537,Colombia,2006,379.78776
538,Colombia,2005,3386.256
539,Colombia,2004,274.249442
540,Colombia,2003,2246.257472
541,Colombia,2002,2355.725857
542,Colombia,2001,2395.856551
543,Colombia,2000,2472.197831
544,Comoros,2015,727.6463868
545,Comoros,2014,852.954379
546,Comoros,2013,834.341949
547,Comoros,2012,788.632653
548,Comoros,2011,829.7586885
549,Comoros,2010,769.1742883
550,Comoros,2009,778.5454199
551,Comoros,2008,795.97519
552,Comoros,2007,72.759313
553,Comoros,2006,648.38717
554,Comoros,2005,621.93372
555,Comoros,2004,616.4197236
556,Comoros,2003,544.566526
557,Comoros,2002,433.2691451
558,Comoros,2001,395.9319363
559,Comoros,2000,375.8528566
560,Costa Rica,2015,1146.36273
561,Costa Rica,2014,1647.44179
562,Costa Rica,2013,1569.66631
563,Costa Rica,2012,9985.36959
564,Costa Rica,2011,9186.59639
565,Costa Rica,2010,8199.414621
566,Costa Rica,2009,689.396224
567,Costa Rica,2008,6911.136136
568,Costa Rica,2007,612.623418
569,Costa Rica,2006,5245.187372
570,Costa Rica,2005,4697.11135
571,Costa Rica,2004,4425.57467
572,Costa Rica,2003,4167.71417
573,Costa Rica,2002,462.14965
574,Costa Rica,2001,3981.52847
575,Costa Rica,2000,388.363689
576,Croatia,2015,11579.6674
577,Croatia,2014,13467.46827
578,Croatia,2013,13574.749
579,Croatia,2012,13235.97757
580,Croatia,2011,14539.18421
581,Croatia,2010,1355.74586
582,Croatia,2009,14157.14416
583,Croatia,2008,15893.8656
584,Croatia,2007,13546.69872
585,Croatia,2006,11363.41845
586,Croatia,2005,1224.2459
587,Croatia,2004,9365.742468
588,Croatia,2003,785.881418
589,Croatia,2002,653.71637
590,Croatia,2001,5245.421419
591,Croatia,2000,4919.62869
592,Cuba,2015,762.261218
593,Cuba,2014,75.5199
594,Cuba,2013,676.15344
595,Cuba,2012,6425.941119
596,Cuba,2011,675.92436
597,Cuba,2010,5676.14143
598,Cuba,2009,5484.7763
599,Cuba,2008,5376.447622
600,Cuba,2007,5184.494227
601,Cuba,2006,4669.6916
602,Cuba,2005,3779.577
603,Cuba,2004,339.716256
604,Cuba,2003,3192.669378
605,Cuba,2002,2994.339988
606,Cuba,2001,2832.188893
607,Cuba,2000,2741.11542
608,Cyprus,2015,2375.1127
609,Cyprus,2014,2734.88382
610,Cyprus,2013,2797.96736
611,Cyprus,2012,28951.15556
612,Cyprus,2011,32233.83942
613,Cyprus,2010,3818.46396
614,Cyprus,2009,3215.8159
615,Cyprus,2008,3539.7488
616,Cyprus,2007,31386.63265
617,Cyprus,2006,27169.99256
618,Cyprus,2005,25324.48666
619,Cyprus,2004,23932.49128
620,Cyprus,2003,2293.4789
621,Cyprus,2002,16372.29152
622,Cyprus,2001,1562.92433
623,Cyprus,2000,14672.8826
624,Denmark,2015,5314.64416
625,Denmark,2014,62425.5392
626,Denmark,2013,61191.19263
627,Denmark,2012,5857.521
628,Denmark,2011,61753.667
629,Denmark,2010,5841.41122
630,Denmark,2009,58163.29359
631,Denmark,2008,64322.6664
632,Denmark,2007,58487.451
633,Denmark,2006,5226.99311
634,Denmark,2005,48799.8237
635,Denmark,2004,46511.6457
636,Denmark,2003,4458.7764
637,Denmark,2002,33228.69291
638,Denmark,2001,3751.64946
639,Denmark,2000,3743.55917
640,Djibouti,2015,1862.167274
641,Djibouti,2014,174.91511
642,Djibouti,2013,1622.637974
643,Djibouti,2012,1536.15685
644,Djibouti,2011,143.986898
645,Djibouti,2010,1325.99724
646,Djibouti,2009,1253.657431
647,Djibouti,2008,1214.77118
648,Djibouti,2007,147.586896
649,Djibouti,2006,965.6693779
650,Djibouti,2005,94.7297489
651,Djibouti,2004,864.184726
652,Djibouti,2003,819.974118
653,Djibouti,2002,792.15412
654,Djibouti,2001,781.2322196
655,Djibouti,2000,768.176767
656,Dominican Republic,2015,6468.471648
657,Dominican Republic,2014,6268.692122
658,Dominican Republic,2013,627.55544
659,Dominican Republic,2012,5968.876767
660,Dominican Republic,2011,5759.643
661,Dominican Republic,2010,5451.6696
662,Dominican Republic,2009,4952.67753
663,Dominican Republic,2008,511.37937
664,Dominican Republic,2007,4647.31359
665,Dominican Republic,2006,3836.468771
666,Dominican Republic,2005,3681.5993
667,Dominican Republic,2004,2421.9662
668,Dominican Republic,2003,2372.628827
669,Dominican Republic,2002,38.46578
670,Dominican Republic,2001,2862.154836
671,Dominican Republic,2000,282.4242
672,Ecuador,2015,625.62224
673,Ecuador,2014,6432.216537
674,Ecuador,2013,674.9829
675,Ecuador,2012,572.14313
676,Ecuador,2011,5223.351763
677,Ecuador,2010,4657.32361
678,Ecuador,2009,4255.56571
679,Ecuador,2008,4274.95265
680,Ecuador,2007,359.71886
681,Ecuador,2006,335.786541
682,Ecuador,2005,321.942547
683,Ecuador,2004,278.557892
684,Ecuador,2003,244.46898
685,Ecuador,2002,2183.966796
686,Ecuador,2001,193.741571
687,Ecuador,2000,1451.29776
688,El Salvador,2015,4127.11775
689,El Salvador,2014,3988.771871
690,El Salvador,2013,3895.664491
691,El Salvador,2012,3827.786267
692,El Salvador,2011,3736.58713
693,El Salvador,2010,3474.392445
694,El Salvador,2009,3366.482133
695,El Salvador,2008,357.347674
696,El Salvador,2007,334.83817
697,El Salvador,2006,362.951768
698,El Salvador,2005,2835.281237
699,El Salvador,2004,2632.79942
700,El Salvador,2003,2519.737387
701,El Salvador,2002,248.4125
702,El Salvador,2001,2338.772244
703,El Salvador,2000,2238.4116
704,Equatorial Guinea,2015,1347.31257
705,Equatorial Guinea,2014,192.59733
706,Equatorial Guinea,2013,2246.9938
707,Equatorial Guinea,2012,21557.6528
708,Equatorial Guinea,2011,21451.88617
709,Equatorial Guinea,2010,17136.44568
710,Equatorial Guinea,2009,1653.2937
711,Equatorial Guinea,2008,22742.38159
712,Equatorial Guinea,2007,15761.83913
713,Equatorial Guinea,2006,12732.2759
714,Equatorial Guinea,2005,185.63334
715,Equatorial Guinea,2004,685.34897
716,Equatorial Guinea,2003,3577.176197
717,Equatorial Guinea,2002,2711.17114
718,Equatorial Guinea,2001,2283.87939
719,Equatorial Guinea,2000,172.68491
720,Eritrea,2011,582.775532
721,Eritrea,2010,482.14994
722,Eritrea,2009,43.7544499
723,Eritrea,2008,326.825642
724,Eritrea,2007,317.3294336
725,Eritrea,2006,297.828588
726,Eritrea,2005,276.75896
727,Eritrea,2004,287.4222243
728,Eritrea,2003,232.7945459
729,Eritrea,2002,21.7687981
730,Eritrea,2001,215.139213
731,Eritrea,2000,28.1969487
732,Estonia,2015,1774.9291
733,Estonia,2014,19941.45532
734,Estonia,2013,1929.7746
735,Estonia,2012,17421.8922
736,Estonia,2011,17454.84342
737,Estonia,2010,14638.6482
738,Estonia,2009,14726.31828
739,Estonia,2008,1894.5485
740,Estonia,2007,16586.452
741,Estonia,2006,12595.4165
742,Estonia,2005,1338.31322
743,Estonia,2004,885.465115
744,Estonia,2003,7174.237415
745,Estonia,2002,538.347781
746,Estonia,2001,4498.95727
747,Estonia,2000,47.32827
748,Ethiopia,2015,645.4637627
749,Ethiopia,2014,571.1622759
750,Ethiopia,2013,52.1535887
751,Ethiopia,2012,468.567249
752,Ethiopia,2011,354.8463544
753,Ethiopia,2010,341.39992
754,Ethiopia,2009,379.7566385
755,Ethiopia,2008,325.3825543
756,Ethiopia,2007,243.326822
757,Ethiopia,2006,193.794956
758,Ethiopia,2005,161.6266248
759,Ethiopia,2004,135.7623858
760,Ethiopia,2003,118.8734466
761,Ethiopia,2002,111.3634356
762,Ethiopia,2001,12.1789279
763,Ethiopia,2000,123.876257
764,Fiji,2015,4921.89629
765,Fiji,2014,546.3728
766,Fiji,2013,4763.68956
767,Fiji,2012,4546.73854
768,Fiji,2011,4353.121392
769,Fiji,2010,3651.966784
770,Fiji,2009,3369.48247
771,Fiji,2008,4177.657789
772,Fiji,2007,478.82327
773,Fiji,2006,3749.939813
774,Fiji,2005,3658.63832
775,Fiji,2004,3332.918533
776,Fiji,2003,2835.973972
777,Fiji,2002,2259.55796
778,Fiji,2001,238.891729
779,Fiji,2000,276.1338
780,Finland,2015,4245.39744
781,Finland,2014,49914.61864
782,Finland,2013,49638.7713
783,Finland,2012,47415.55987
784,Finland,2011,579.72415
785,Finland,2010,4622.41516
786,Finland,2009,4717.15571
787,Finland,2008,5341.31487
788,Finland,2007,48288.5491
789,Finland,2006,4112.67651
790,Finland,2005,38969.17163
791,Finland,2004,37636.11173
792,Finland,2003,32816.1688
793,Finland,2002,26834.2625
794,Finland,2001,24913.24452
795,Finland,2000,24253.2542
796,France,2015,36526.7711
797,France,2014,42955.24287
798,France,2013,42554.1225
799,France,2012,4838.2444
800,France,2011,4381.288
801,France,2010,473.34279
802,France,2009,41631.13141
803,France,2008,45413.6571
804,France,2007,416.58397
805,France,2006,36544.5853
806,France,2005,34879.72633
807,France,2004,33874.74255
808,France,2003,29691.18158
809,France,2002,24275.2426
810,France,2001,22527.31775
811,France,2000,22465.64184
812,Gabon,2015,7388.984144
813,Gabon,2014,9692.163874
814,Gabon,2013,9679.742995
815,Gabon,2012,9774.18117
816,Gabon,2011,1716.2258
817,Gabon,2010,8754.113376
818,Gabon,2009,763.66223
819,Gabon,2008,194.2746
820,Gabon,2007,8352.81711
821,Gabon,2006,727.777345
822,Gabon,2005,6741.293948
823,Gabon,2004,5685.577736
824,Gabon,2003,4892.11618
825,Gabon,2002,412.55271
826,Gabon,2001,3976.14887
827,Gabon,2000,4116.46693
828,Georgia,2015,3764.64912
829,Georgia,2014,4429.6575
830,Georgia,2013,4274.376857
831,Georgia,2012,4142.869175
832,Georgia,2011,3725.63221
833,Georgia,2010,2964.47734
834,Georgia,2009,276.588512
835,Georgia,2008,3174.9491
836,Georgia,2007,2492.12878
837,Georgia,2006,1872.68416
838,Georgia,2005,153.57521
839,Georgia,2004,127.367228
840,Georgia,2003,928.18227
841,Georgia,2002,779.3845935
842,Georgia,2001,733.974142
843,Georgia,2000,691.997711
844,Germany,2015,41176.88158
845,Germany,2014,4792.65288
846,Germany,2013,4653.91143
847,Germany,2012,4465.24891
848,Germany,2011,4681.32796
849,Germany,2010,41785.55691
850,Germany,2009,41732.7725
851,Germany,2008,45699.19832
852,Germany,2007,41814.8191
853,Germany,2006,36447.87232
854,Germany,2005,34696.6292
855,Germany,2004,34165.9343
856,Germany,2003,3359.95215
857,Germany,2002,2525.16445
858,Germany,2001,23687.31689
859,Germany,2000,23718.7467
860,Ghana,2015,1361.11395
861,Ghana,2014,1432.227943
862,Ghana,2013,1814.492297
863,Ghana,2012,1629.8222
864,Ghana,2011,1574.978653
865,Ghana,2010,1312.67557
866,Ghana,2009,186.76538
867,Ghana,2008,1224.41554
868,Ghana,2007,19.686718
869,Ghana,2006,922.9351677
870,Ghana,2005,498.172394
871,Ghana,2004,423.1936389
872,Ghana,2003,373.2815537
873,Ghana,2002,39.484473
874,Ghana,2001,273.6596668
875,Ghana,2000,263.1124679
876,Greece,2015,187.78991
877,Greece,2014,21673.7817
878,Greece,2013,21874.8195
879,Greece,2012,22242.68193
880,Greece,2011,25916.29353
881,Greece,2010,26917.75898
882,Greece,2009,2971.973
883,Greece,2008,31997.2821
884,Greece,2007,28827.32636
885,Greece,2006,2481.15781
886,Greece,2005,22551.73574
887,Greece,2004,21955.149
888,Greece,2003,18477.57841
889,Greece,2002,1411.31339
890,Greece,2001,12538.17883
891,Greece,2000,1242.95373
892,Grenada,2015,9212.192824
893,Grenada,2014,8569.776998
894,Grenada,2013,7955.615985
895,Grenada,2012,7583.1872
896,Grenada,2011,741.48438
897,Grenada,2010,7365.666659
898,Grenada,2009,7395.88125
899,Grenada,2008,7946.944346
900,Grenada,2007,7322.596862
901,Grenada,2006,6764.722867
902,Grenada,2005,6754.512393
903,Grenada,2004,5836.17763
904,Grenada,2003,5773.73577
905,Grenada,2002,5292.232379
906,Grenada,2001,519.958715
907,Grenada,2000,5117.589923
908,Guatemala,2015,3923.573344
909,Guatemala,2014,3687.763767
910,Guatemala,2013,3452.828934
911,Guatemala,2012,3299.65139
912,Guatemala,2011,3187.845296
913,Guatemala,2010,2825.5247
914,Guatemala,2009,2635.753474
915,Guatemala,2008,2794.22189
916,Guatemala,2007,2489.955836
917,Guatemala,2006,2256.56724
918,Guatemala,2005,277.83438
919,Guatemala,2004,1872.73783
920,Guatemala,2003,1753.349471
921,Guatemala,2002,171.771491
922,Guatemala,2001,1568.376276
923,Guatemala,2000,1655.596261
924,Guinea,2015,554.48766
925,Guinea,2014,561.997387
926,Guinea,2013,54.169324
927,Guinea,2012,52.3485646
928,Guinea,2011,459.2912
929,Guinea,2010,438.7513346
930,Guinea,2009,436.6895539
931,Guinea,2008,437.4467238
932,Guinea,2007,49.456775
933,Guinea,2006,296.68382
934,Guinea,2005,33.424498
935,Guinea,2004,386.3288283
936,Guinea,2003,37.1931781
937,Guinea,2002,322.811171
938,Guinea,2001,315.83983
939,Guinea,2000,34.516918
940,Guinea-Bissau,2015,596.8717189
941,Guinea-Bissau,2014,642.6256154
942,Guinea-Bissau,2013,61.566347
943,Guinea-Bissau,2012,67.7518833
944,Guinea-Bissau,2011,692.69989
945,Guinea-Bissau,2010,543.957418
946,Guinea-Bissau,2009,544.222779
947,Guinea-Bissau,2008,583.5445622
948,Guinea-Bissau,2007,481.694976
949,Guinea-Bissau,2006,418.94454
950,Guinea-Bissau,2005,424.9534585
951,Guinea-Bissau,2004,393.3138244
952,Guinea-Bissau,2003,36.5718585
953,Guinea-Bissau,2002,321.481324
954,Guinea-Bissau,2001,39.486749
955,Guinea-Bissau,2000,297.7519443
956,Guyana,2015,4136.689919
957,Guyana,2014,43.82321
958,Guyana,2013,3944.178173
959,Guyana,2012,3785.935665
960,Guyana,2011,3439.597513
961,Guyana,2010,326.281212
962,Guyana,2009,2716.35256
963,Guyana,2008,2576.124957
964,Guyana,2007,2327.58324
965,Guyana,2006,1945.6395
966,Guyana,2005,198.455216
967,Guyana,2004,145.58861
968,Guyana,2003,986.7958173
969,Guyana,2002,96.8674827
970,Guyana,2001,925.582546
971,Guyana,2000,946.599372
972,Haiti,2015,814.5463952
973,Haiti,2014,83.1148117
974,Haiti,2013,81.265673
975,Haiti,2012,766.8437623
976,Haiti,2011,74.9358452
977,Haiti,2010,662.2795182
978,Haiti,2009,668.297646
979,Haiti,2008,674.7564147
980,Haiti,2007,615.8198192
981,Haiti,2006,55.47626
982,Haiti,2005,465.311876
983,Haiti,2004,387.9429725
984,Haiti,2003,329.782946
985,Haiti,2002,393.16327
986,Haiti,2001,413.7383164
987,Haiti,2000,462.486524
988,Honduras,2015,2326.15856
989,Honduras,2014,2242.711912
990,Honduras,2013,2136.77395
991,Honduras,2012,2178.38325
992,Honduras,2011,212.584798
993,Honduras,2010,1932.85829
994,Honduras,2009,1815.489496
995,Honduras,2008,1751.595857
996,Honduras,2007,1592.572182
997,Honduras,2006,1437.628785
998,Honduras,2005,1311.741714
999,Honduras,2004,1217.657961
1000,Honduras,2003,1157.3427
1001,Honduras,2002,1132.8721
1002,Honduras,2001,113.4546
1003,Honduras,2000,188.783165
1004,Hungary,2015,12365.6263
1005,Hungary,2014,14117.97668
1006,Hungary,2013,13613.6147
1007,Hungary,2012,12834.32349
1008,Hungary,2011,1448.87958
1009,Hungary,2010,1325.53379
1010,Hungary,2009,12967.16543
1011,Hungary,2008,15669.25929
1012,Hungary,2007,13842.6549
1013,Hungary,2006,11398.76584
1014,Hungary,2005,11161.72441
1015,Hungary,2004,1259.5266
1016,Hungary,2003,8396.25323
1017,Hungary,2002,665.6443
1018,Hungary,2001,527.85364
1019,Hungary,2000,4623.46712
1020,Iceland,2015,5734.4436
1021,Iceland,2014,52473.11356
1022,Iceland,2013,4781.3888
1023,Iceland,2012,44333.8518
1024,Iceland,2011,46.217
1025,Iceland,2010,41676.44527
1026,Iceland,2009,4461.89251
1027,Iceland,2008,55575.29196
1028,Iceland,2007,68348.31817
1029,Iceland,2006,5613.54115
1030,Iceland,2005,56249.7555
1031,Iceland,2004,46917.27216
1032,Iceland,2003,3944.999
1033,Iceland,2002,31996.2172
1034,Iceland,2001,28585.9254
1035,Iceland,2000,31813.37344
1036,India,2015,1613.18878
1037,India,2014,1573.11889
1038,India,2013,1452.195373
1039,India,2012,1446.98541
1040,India,2011,1461.671957
1041,India,2010,1345.77153
1042,India,2009,19.317765
1043,India,2008,991.484634
1044,India,2007,118.166373
1045,India,2006,792.259698
1046,India,2005,77.819
1047,India,2004,621.3183767
1048,India,2003,541.1352279
1049,India,2002,466.2842
1050,India,2001,447.138966
1051,India,2000,438.864634
1052,Indonesia,2015,3336.16686
1053,Indonesia,2014,3491.595887
1054,Indonesia,2013,362.663981
1055,Indonesia,2012,3687.953996
1056,Indonesia,2011,3634.27685
1057,Indonesia,2010,3113.48635
1058,Indonesia,2009,2254.44566
1059,Indonesia,2008,216.52766
1060,Indonesia,2007,1855.93915
1061,Indonesia,2006,1586.254
1062,Indonesia,2005,126.928834
1063,Indonesia,2004,1148.56996
1064,Indonesia,2003,164.59447
1065,Indonesia,2002,899.5556857
1066,Indonesia,2001,747.9817455
1067,Indonesia,2000,78.92744
1068,Iraq,2015,4974.2693
1069,Iraq,2014,673.74737
1070,Iraq,2013,6925.22446
1071,Iraq,2012,6651.12242
1072,Iraq,2011,5854.614497
1073,Iraq,2010,452.74948
1074,Iraq,2009,3735.144836
1075,Iraq,2008,4521.3247
1076,Iraq,2007,3129.224922
1077,Iraq,2006,2351.812429
1078,Iraq,2005,1849.63911
1079,Iraq,2004,1391.816923
1080,Ireland,2015,6664.144
1081,Ireland,2014,5553.32623
1082,Ireland,2013,5234.76736
1083,Ireland,2012,49231.36254
1084,Ireland,2011,52567.52568
1085,Ireland,2010,48538.58776
1086,Ireland,2009,51983.78892
1087,Ireland,2008,61235.415
1088,Ireland,2007,61388.17457
1089,Ireland,2006,54326.9713
1090,Ireland,2005,5886.82789
1091,Ireland,2004,47631.6377
1092,Ireland,2003,4117.15532
1093,Ireland,2002,32539.1937
1094,Ireland,2001,28223.55528
1095,Ireland,2000,26241.91883
1096,Israel,2015,35729.37253
1097,Israel,2014,37582.84624
1098,Israel,2013,36393.66932
1099,Israel,2012,32569.59683
1100,Israel,2011,33657.15727
1101,Israel,2010,3661.994
1102,Israel,2009,27795.87671
1103,Israel,2008,29657.4421
1104,Israel,2007,258.637
1105,Israel,2006,2195.1769
1106,Israel,2005,2611.17931
1107,Israel,2004,19888.172
1108,Israel,2003,18946.99942
1109,Israel,2002,18431.15696
1110,Israel,2001,236.19646
1111,Israel,2000,2152.1432
1112,Italy,2015,349.14755
1113,Italy,2014,35396.66517
1114,Italy,2013,3537.27441
1115,Italy,2012,34814.12436
1116,Italy,2011,38334.68477
1117,Italy,2010,35849.37364
1118,Italy,2009,36976.84512
1119,Italy,2008,464.18465
1120,Italy,2007,37698.78573
1121,Italy,2006,3341.7482
1122,Italy,2005,31959.26215
1123,Italy,2004,31174.56118
1124,Italy,2003,27387.2258
1125,Italy,2002,22196.5736
1126,Italy,2001,24.819
1127,Italy,2000,251.2426
1128,Jamaica,2015,4965.989857
1129,Jamaica,2014,4855.743789
1130,Jamaica,2013,56.144952
1131,Jamaica,2012,521.33363
1132,Jamaica,2011,513.549487
1133,Jamaica,2010,4682.728424
1134,Jamaica,2009,4293.383274
1135,Jamaica,2008,492.492378
1136,Jamaica,2007,462.517913
1137,Jamaica,2006,4313.1682
1138,Jamaica,2005,482.24762
1139,Jamaica,2004,3719.97351
1140,Jamaica,2003,3465.221998
1141,Jamaica,2002,3596.496282
1142,Jamaica,2001,3394.878
1143,Jamaica,2000,336.8742
1144,Japan,2015,34474.13736
1145,Japan,2014,3896.21151
1146,Japan,2013,4454.44746
1147,Japan,2012,4863.47665
1148,Japan,2011,48167.99727
1149,Japan,2010,4457.67639
1150,Japan,2009,4855.17564
1151,Japan,2008,39339.29757
1152,Japan,2007,35275.22843
1153,Japan,2006,35433.98896
1154,Japan,2005,37217.64873
1155,Japan,2004,37688.72234
1156,Japan,2003,3488.3992
1157,Japan,2002,32289.3554
1158,Japan,2001,33846.46564
1159,Japan,2000,38532.488
1160,Jordan,2015,496.99275
1161,Jordan,2014,466.94775
1162,Jordan,2013,3992.86717
1163,Jordan,2012,387.753211
1164,Jordan,2011,387.324145
1165,Jordan,2010,3679.19275
1166,Jordan,2009,3492.1396
1167,Jordan,2008,3385.69665
1168,Jordan,2007,2762.86354
1169,Jordan,2006,2537.349
1170,Jordan,2005,223.83787
1171,Jordan,2004,261.456882
1172,Jordan,2003,1889.213962
1173,Jordan,2002,1812.288374
1174,Jordan,2001,1728.2659
1175,Jordan,2000,1657.889256
1176,Kazakhstan,2015,159.9817
1177,Kazakhstan,2014,1286.56511
1178,Kazakhstan,2013,1389.8561
1179,Kazakhstan,2012,12387.18982
1180,Kazakhstan,2011,11634.42422
1181,Kazakhstan,2010,97.649972
1182,Kazakhstan,2009,7165.2775
1183,Kazakhstan,2008,8513.564645
1184,Kazakhstan,2007,6771.414797
1185,Kazakhstan,2006,5291.57565
1186,Kazakhstan,2005,3771.278957
1187,Kazakhstan,2004,2874.288291
1188,Kazakhstan,2003,268.123657
1189,Kazakhstan,2002,1658.31146
1190,Kazakhstan,2001,149.926751
1191,Kazakhstan,2000,1229.958
1192,Kenya,2015,1349.97144
1193,Kenya,2014,1335.6458
1194,Kenya,2013,1229.114798
1195,Kenya,2012,1155.2582
1196,Kenya,2011,987.4453967
1197,Kenya,2010,967.34773
1198,Kenya,2009,92.816252
1199,Kenya,2008,916.8992515
1200,Kenya,2007,839.181117
1201,Kenya,2006,697.66385
1202,Kenya,2005,519.7999346
1203,Kenya,2004,458.8843551
1204,Kenya,2003,436.6875357
1205,Kenya,2002,395.8493511
1206,Kenya,2001,41.7763612
1207,Kenya,2000,43.9797132
1208,Kiribati,2015,1424.483611
1209,Kiribati,2014,1684.54274
1210,Kiribati,2013,1724.361737
1211,Kiribati,2012,1763.815497
1212,Kiribati,2011,1692.613277
1213,Kiribati,2010,1493.1651
1214,Kiribati,2009,1297.285141
1215,Kiribati,2008,1413.3234
1216,Kiribati,2007,1357.632211
1217,Kiribati,2006,1151.555618
1218,Kiribati,2005,1214.556667
1219,Kiribati,2004,113.6286
1220,Kiribati,2003,115.3865
1221,Kiribati,2002,826.58554
1222,Kiribati,2001,734.9492461
1223,Kiribati,2000,796.7937634
1224,Kuwait,2015,28975.418
1225,Kuwait,2014,42996.4812
1226,Kuwait,2013,48399.9581
1227,Kuwait,2012,51264.7134
1228,Kuwait,2011,48268.5912
1229,Kuwait,2010,38497.61696
1230,Kuwait,2009,37567.3121
1231,Kuwait,2008,55571.9986
1232,Kuwait,2007,45793.97614
1233,Kuwait,2006,42717.55725
1234,Kuwait,2005,3549.26132
1235,Kuwait,2004,26921.8278
1236,Kuwait,2003,2271.56961
1237,Kuwait,2002,17789.41981
1238,Kuwait,2001,1654.96761
1239,Kuwait,2000,18389.38433
1240,Latvia,2015,13666.58336
1241,Latvia,2014,15725.1374
1242,Latvia,2013,1532.22924
1243,Latvia,2012,13822.8559
1244,Latvia,2011,1372.68947
1245,Latvia,2010,11326.21947
1246,Latvia,2009,12219.37379
1247,Latvia,2008,16348.53121
1248,Latvia,2007,1444.1589
1249,Latvia,2006,9667.9757
1250,Latvia,2005,7558.7426
1251,Latvia,2004,6351.8125
1252,Latvia,2003,5134.95694
1253,Latvia,2002,4132.34927
1254,Latvia,2001,3572.8513
1255,Latvia,2000,3352.731296
1256,Lebanon,2015,846.632851
1257,Lebanon,2014,8161.4614
1258,Lebanon,2013,846.285153
1259,Lebanon,2012,8787.94668
1260,Lebanon,2011,8734.9653
1261,Lebanon,2010,8763.826274
1262,Lebanon,2009,84.268878
1263,Lebanon,2008,712.775759
1264,Lebanon,2007,614.271115
1265,Lebanon,2006,5372.65899
1266,Lebanon,2005,5339.441291
1267,Lebanon,2004,5424.22356
1268,Lebanon,2003,5425.6697
1269,Lebanon,2002,5436.595223
1270,Lebanon,2001,5253.122599
1271,Lebanon,2000,5334.93329
1272,Lesotho,2015,173.82893
1273,Lesotho,2014,1174.839214
1274,Lesotho,2013,1196.1335
1275,Lesotho,2012,1281.516
1276,Lesotho,2011,1352.38433
1277,Lesotho,2010,1173.26212
1278,Lesotho,2009,923.136931
1279,Lesotho,2008,934.428563
1280,Lesotho,2007,918.432717
1281,Lesotho,2006,915.775754
1282,Lesotho,2005,862.9463118
1283,Lesotho,2004,781.5145936
1284,Lesotho,2003,63.636279
1285,Lesotho,2002,47.89395
1286,Lesotho,2001,437.819184
1287,Lesotho,2000,474.8197876
1288,Liberia,2015,452.38717
1289,Liberia,2014,458.4651734
1290,Liberia,2013,454.1222236
1291,Liberia,2012,415.361958
1292,Liberia,2011,379.689583
1293,Liberia,2010,327.42597
1294,Liberia,2009,33.667491
1295,Liberia,2008,232.61732
1296,Liberia,2007,21.3733292
1297,Liberia,2006,178.92799
1298,Liberia,2005,168.648254
1299,Liberia,2004,149.4452549
1300,Liberia,2003,133.494518
1301,Liberia,2002,177.285187
1302,Liberia,2001,174.1815473
1303,Liberia,2000,183.4149991
1304,Libya,2011,562.549434
1305,Libya,2010,1212.56217
1306,Libya,2009,1296.97353
1307,Libya,2008,14396.4865
1308,Libya,2007,1138.56661
1309,Libya,2006,9344.987518
1310,Libya,2005,8171.361651
1311,Libya,2004,586.8364
1312,Libya,2003,4676.96753
1313,Libya,2002,375.442638
1314,Libya,2001,6269.58123
1315,Libya,2000,7145.628494
1316,Lithuania,2015,14252.42853
1317,Lithuania,2014,16554.97139
1318,Lithuania,2013,15712.82376
1319,Lithuania,2012,14341.836
1320,Lithuania,2011,14357.73679
1321,Lithuania,2010,11984.86857
1322,Lithuania,2009,11837.3913
1323,Lithuania,2008,14961.56818
1324,Lithuania,2007,12297.91535
1325,Lithuania,2006,924.642548
1326,Lithuania,2005,7863.1629
1327,Lithuania,2004,676.966998
1328,Lithuania,2003,555.535669
1329,Lithuania,2002,4146.987928
1330,Lithuania,2001,353.147337
1331,Lithuania,2000,3297.35471
1332,Luxembourg,2015,1199.8223
1333,Luxembourg,2014,119172.7418
1334,Luxembourg,2013,113751.85
1335,Luxembourg,2012,16749.136
1336,Luxembourg,2011,115761.577
1337,Luxembourg,2010,14965.361
1338,Luxembourg,2009,13198.6693
1339,Luxembourg,2008,114293.8433
1340,Luxembourg,2007,1618.4928
1341,Luxembourg,2006,89739.7117
1342,Luxembourg,2005,8289.69641
1343,Luxembourg,2004,75716.3518
1344,Luxembourg,2003,65445.8853
1345,Luxembourg,2002,5293.64115
1346,Luxembourg,2001,48179.4285
1347,Luxembourg,2000,48735.99549
1348,Madagascar,2015,41.8575951
1349,Madagascar,2014,452.4631926
1350,Madagascar,2013,461.723722
1351,Madagascar,2012,443.9611
1352,Madagascar,2011,454.963464
1353,Madagascar,2010,412.739341
1354,Madagascar,2009,415.6893226
1355,Madagascar,2008,47.733254
1356,Madagascar,2007,377.8482928
1357,Madagascar,2006,292.157443
1358,Madagascar,2005,274.819723
1359,Madagascar,2004,245.1235876
1360,Madagascar,2003,316.7998965
1361,Madagascar,2002,262.2859481
1362,Madagascar,2001,278.555732
1363,Madagascar,2000,245.939659
1364,Malawi,2015,362.6575444
1365,Malawi,2014,354.7253961
1366,Malawi,2013,332.922339
1367,Malawi,2012,374.51882
1368,Malawi,2011,512.125451
1369,Malawi,2010,458.8681744
1370,Malawi,2009,42.7379657
1371,Malawi,2008,372.842678
1372,Malawi,2007,32.2227274
1373,Malawi,2006,297.6971211
1374,Malawi,2005,28.3673842
1375,Malawi,2004,274.2256294
1376,Malawi,2003,26.152517
1377,Malawi,2002,29.9798977
1378,Malawi,2001,146.7615397
1379,Malawi,2000,153.2594872
1380,Malaysia,2015,9643.644683
1381,Malaysia,2014,11183.96191
1382,Malaysia,2013,1882.27842
1383,Malaysia,2012,1779.49641
1384,Malaysia,2011,145.1262
1385,Malaysia,2010,971.356987
1386,Malaysia,2009,7326.744435
1387,Malaysia,2008,8513.629541
1388,Malaysia,2007,7269.17114
1389,Malaysia,2006,6222.982955
1390,Malaysia,2005,5593.822995
1391,Malaysia,2004,4955.477743
1392,Malaysia,2003,4463.675893
1393,Malaysia,2002,4167.364387
1394,Malaysia,2001,3915.11546
1395,Malaysia,2000,445.17471
1396,Maldives,2015,8395.785198
1397,Maldives,2014,7716.2415
1398,Maldives,2013,7112.33575
1399,Maldives,2012,6541.7465
1400,Maldives,2011,6497.55443
1401,Maldives,2010,633.79498
1402,Maldives,2009,597.1659
1403,Maldives,2008,5828.621374
1404,Maldives,2007,52.862285
1405,Maldives,2006,4428.522898
1406,Maldives,2005,3488.493769
1407,Maldives,2004,3853.33348
1408,Maldives,2003,3432.247841
1409,Maldives,2002,32.37239
1410,Maldives,2001,298.67598
1411,Maldives,2000,2182.99711
1412,Mali,2015,729.725338
1413,Mali,2014,825.5729915
1414,Mali,2013,777.659139
1415,Mali,2012,777.3476868
1416,Mali,2011,835.88998
1417,Mali,2010,78.377632
1418,Mali,2009,697.153124
1419,Mali,2008,689.6784228
1420,Mali,2007,595.6368319
1421,Mali,2006,521.6425796
1422,Mali,2005,487.942556
1423,Mali,2004,439.3572924
1424,Mali,2003,391.791281
1425,Mali,2002,334.22416
1426,Mali,2001,36.8473237
1427,Mali,2000,269.3483829
1428,Malta,2015,23819.4636
1429,Malta,2014,2618.92599
1430,Malta,2013,2393.1888
1431,Malta,2012,2193.8836
1432,Malta,2011,22821.847
1433,Malta,2010,2187.79469
1434,Malta,2009,2675.58259
1435,Malta,2008,21928.767
1436,Malta,2007,19375.5696
1437,Malta,2006,16671.5672
1438,Malta,2005,15835.34667
1439,Malta,2004,1519.5497
1440,Malta,2003,13689.98999
1441,Malta,2002,11843.9392
1442,Malta,2001,1121.78636
1443,Malta,2000,1139.5651
1444,Mauritania,2015,1158.256469
1445,Mauritania,2014,1326.66882
1446,Mauritania,2013,145.57838
1447,Mauritania,2012,1364.283745
1448,Mauritania,2011,1393.261593
1449,Mauritania,2010,123.383675
1450,Mauritania,2009,146.83851
1451,Mauritania,2008,1167.535689
1452,Mauritania,2007,113.3128
1453,Mauritania,2006,944.134851
1454,Mauritania,2005,697.7451989
1455,Mauritania,2004,62.547286
1456,Mauritania,2003,528.586613
1457,Mauritania,2002,46.9542322
1458,Mauritania,2001,464.229758
1459,Mauritania,2000,477.476124
1460,Mauritius,2015,9252.11724
1461,Mauritius,2014,1153.93822
1462,Mauritius,2013,9637.265
1463,Mauritius,2012,9291.227619
1464,Mauritius,2011,9197.26972
1465,Mauritius,2010,8.376432
1466,Mauritius,2009,7318.12641
1467,Mauritius,2008,83.635
1468,Mauritius,2007,6574.654338
1469,Mauritius,2006,5695.969327
1470,Mauritius,2005,5116.45424
1471,Mauritius,2004,5229.876738
1472,Mauritius,2003,4623.347642
1473,Mauritius,2002,3957.51296
1474,Mauritius,2001,3792.182152
1475,Mauritius,2000,3861.32414
1476,Mexico,2015,9143.128494
1477,Mexico,2014,1452.27766
1478,Mexico,2013,1298.86766
1479,Mexico,2012,982.532572
1480,Mexico,2011,9834.472689
1481,Mexico,2010,8959.581416
1482,Mexico,2009,7748.12331
1483,Mexico,2008,9689.52887
1484,Mexico,2007,933.341687
1485,Mexico,2006,8767.92258
1486,Mexico,2005,7986.798439
1487,Mexico,2004,7199.59665
1488,Mexico,2003,6751.998987
1489,Mexico,2002,716.8219
1490,Mexico,2001,731.378864
1491,Mexico,2000,672.92113
1492,Mongolia,2015,3944.1839
1493,Mongolia,2014,4181.583321
1494,Mongolia,2013,4385.379355
1495,Mongolia,2012,4368.82248
1496,Mongolia,2011,3769.595255
1497,Mongolia,2010,265.353659
1498,Mongolia,2009,1717.898761
1499,Mongolia,2008,2139.625631
1500,Mongolia,2007,1634.81431
1501,Mongolia,2006,1334.651896
1502,Mongolia,2005,998.8226671
1503,Mongolia,2004,797.8377432
1504,Mongolia,2003,646.561295
1505,Mongolia,2002,571.51883
1506,Mongolia,2001,524.145924
1507,Mongolia,2000,474.2133361
1508,Montenegro,2015,6461.192554
1509,Montenegro,2014,7378.345289
1510,Montenegro,2013,7186.429787
1511,Montenegro,2012,6586.71929
1512,Montenegro,2011,7318.742449
1513,Montenegro,2010,6682.281158
1514,Montenegro,2009,6698.79439
1515,Montenegro,2008,7325.73474
1516,Montenegro,2007,5957.145693
1517,Montenegro,2006,4383.59597
1518,Montenegro,2005,3674.617924
1519,Montenegro,2004,338.199535
1520,Montenegro,2003,2789.1735
1521,Montenegro,2002,216.243274
1522,Montenegro,2001,199.583957
1523,Montenegro,2000,1627.42893
1524,Morocco,2015,2847.285569
1525,Morocco,2014,3154.513484
1526,Morocco,2013,3111.762887
1527,Morocco,2012,294.746728
1528,Morocco,2011,339.91616
1529,Morocco,2010,2834.2472
1530,Morocco,2009,2861.5545
1531,Morocco,2008,2884.94776
1532,Morocco,2007,2494.353552
1533,Morocco,2006,2191.478567
1534,Morocco,2005,213.755559
1535,Morocco,2004,1948.812275
1536,Morocco,2003,1721.973863
1537,Morocco,2002,1413.757176
1538,Morocco,2001,1336.775376
1539,Morocco,2000,1332.382358
1540,Mozambique,2015,528.3125597
1541,Mozambique,2014,623.2871141
1542,Mozambique,2013,65.985681
1543,Mozambique,2012,566.513873
1544,Mozambique,2011,526.5313517
1545,Mozambique,2010,419.2258149
1546,Mozambique,2009,463.852618
1547,Mozambique,2008,53.127719
1548,Mozambique,2007,422.1461573
1549,Mozambique,2006,385.7567141
1550,Mozambique,2005,369.1545359
1551,Mozambique,2004,336.3318145
1552,Mozambique,2003,283.8911588
1553,Mozambique,2002,262.884551
1554,Mozambique,2001,256.4414872
1555,Mozambique,2000,277.6486591
1556,Myanmar,2015,1194.59137
1557,Myanmar,2014,1262.893782
1558,Myanmar,2013,1168.83947
1559,Myanmar,2012,1171.58257
1560,Myanmar,2011,1186.423937
1561,Myanmar,2010,987.7365832
1562,Myanmar,2009,741.777116
1563,Myanmar,2008,643.951373
1564,Myanmar,2007,41.451
1565,Myanmar,2006,296.97284
1566,Myanmar,2005,247.24276
1567,Myanmar,2004,219.8156688
1568,Myanmar,2003,219.782326
1569,Myanmar,2002,143.77651
1570,Myanmar,2001,138.9249275
1571,Myanmar,2000,193.187484
1572,Namibia,2015,4737.66996
1573,Namibia,2014,5421.343953
1574,Namibia,2013,5488.131712
1575,Namibia,2012,5749.44752
1576,Namibia,2011,56.971392
1577,Namibia,2010,5191.58381
1578,Namibia,2009,4153.497885
1579,Namibia,2008,429.6561
1580,Namibia,2007,422.51968
1581,Namibia,2006,3881.29535
1582,Namibia,2005,3573.146387
1583,Namibia,2004,3288.257373
1584,Namibia,2003,2482.36862
1585,Namibia,2002,1713.47594
1586,Namibia,2001,1834.29486
1587,Namibia,2000,257.99557
1588,Nepal,2015,743.7653489
1589,Nepal,2014,76.2386977
1590,Nepal,2013,688.6172788
1591,Nepal,2012,681.7925868
1592,Nepal,2011,692.1166842
1593,Nepal,2010,592.1835216
1594,Nepal,2009,48.7299
1595,Nepal,2008,473.844449
1596,Nepal,2007,393.8843518
1597,Nepal,2006,348.6314534
1598,Nepal,2005,317.89198
1599,Nepal,2004,287.4156
1600,Nepal,2003,253.72412
1601,Nepal,2002,246.375621
1602,Nepal,2001,248.6183539
1603,Nepal,2000,231.42554
1604,Netherlands,2015,44292.88473
1605,Netherlands,2014,52157.4687
1606,Netherlands,2013,51574.48942
1607,Netherlands,2012,49474.7561
1608,Netherlands,2011,5354.6536
1609,Netherlands,2010,5338.25483
1610,Netherlands,2009,519.349
1611,Netherlands,2008,56928.8248
1612,Netherlands,2007,51241.31562
1613,Netherlands,2006,44453.97119
1614,Netherlands,2005,41577.169
1615,Netherlands,2004,39954.64222
1616,Netherlands,2003,35245.1647
1617,Netherlands,2002,28817.32321
1618,Netherlands,2001,26584.12169
1619,Netherlands,2000,25921.12794
1620,New Zealand,2015,3821.8937
1621,New Zealand,2014,4453.24673
1622,New Zealand,2013,42889.88141
1623,New Zealand,2012,3997.25624
1624,New Zealand,2011,38426.5581
1625,New Zealand,2010,33691.34837
1626,New Zealand,2009,282.94193
1627,New Zealand,2008,31287.77865
1628,New Zealand,2007,3259.73471
1629,New Zealand,2006,2667.86452
1630,New Zealand,2005,2775.89515
1631,New Zealand,2004,2542.39935
1632,New Zealand,2003,21913.7817
1633,New Zealand,2002,16874.31232
1634,New Zealand,2001,13882.85683
1635,New Zealand,2000,13641.1272
1636,Nicaragua,2015,295.966488
1637,Nicaragua,2014,1975.46477
1638,Nicaragua,2013,1847.19849
1639,Nicaragua,2012,1792.3845
1640,Nicaragua,2011,1682.957924
1641,Nicaragua,2010,1526.497938
1642,Nicaragua,2009,1464.497754
1643,Nicaragua,2008,1518.85386
1644,Nicaragua,2007,1344.31871
1645,Nicaragua,2006,124.992617
1646,Nicaragua,2005,1175.116225
1647,Nicaragua,2004,191.55157
1648,Nicaragua,2003,115.565314
1649,Nicaragua,2002,11.147277
1650,Nicaragua,2001,143.6758
1651,Nicaragua,2000,116.2743
1652,Niger,2015,358.99731
1653,Niger,2014,43.646498
1654,Niger,2013,416.14838
1655,Niger,2012,391.515524
1656,Niger,2011,375.5819866
1657,Niger,2010,348.151511
1658,Niger,2009,341.2894618
1659,Niger,2008,354.8185998
1660,Niger,2007,292.55962
1661,Niger,2006,258.463873
1662,Niger,2005,25.383731
1663,Niger,2004,232.5661574
1664,Niger,2003,215.8548
1665,Niger,2002,177.828384
1666,Niger,2001,165.257247
1667,Niger,2000,158.455972
1668,Nigeria,2015,2655.157977
1669,Nigeria,2014,3221.678128
1670,Nigeria,2013,2996.96432
1671,Nigeria,2012,2755.297787
1672,Nigeria,2011,2527.9423
1673,Nigeria,2010,2327.3267
1674,Nigeria,2009,197.661422
1675,Nigeria,2008,1383.893354
1676,Nigeria,2007,1136.829645
1677,Nigeria,2006,119.743286
1678,Nigeria,2005,87.8938738
1679,Nigeria,2004,648.815852
1680,Nigeria,2003,512.65719
1681,Nigeria,2002,459.4572117
1682,Nigeria,2001,351.7996666
1683,Nigeria,2000,379.1193264
1684,Norway,2015,7455.24654
1685,Norway,2014,975.49856
1686,Norway,2013,1291.435
1687,Norway,2012,11563.727
1688,Norway,2011,1574.9861
1689,Norway,2010,87646.75346
1690,Norway,2009,817.77681
1691,Norway,2008,9688.5961
1692,Norway,2007,85128.65759
1693,Norway,2006,74114.69715
1694,Norway,2005,66775.3944
1695,Norway,2004,5757.26916
1696,Norway,2003,5111.65445
1697,Norway,2002,4361.1538
1698,Norway,2001,38549.58934
1699,Norway,2000,38146.71539
1700,Oman,2015,16627.36433
1701,Oman,2014,2458.45226
1702,Oman,2013,21268.7564
1703,Oman,2012,22134.916
1704,Oman,2011,2986.36
1705,Oman,2010,1928.74739
1706,Oman,2009,16784.34616
1707,Oman,2008,2275.3536
1708,Oman,2007,1585.13226
1709,Oman,2006,1448.55
1710,Oman,2005,12376.97936
1711,Oman,2004,1129.28886
1712,Oman,2003,969.8126
1713,Oman,2002,8629.11774
1714,Oman,2001,8476.61511
1715,Oman,2000,861.18596
1716,Pakistan,2015,1431.244865
1717,Pakistan,2014,1316.98966
1718,Pakistan,2013,1272.44161
1719,Pakistan,2012,1261.28967
1720,Pakistan,2011,1226.215314
1721,Pakistan,2010,14.142268
1722,Pakistan,2009,16.63999
1723,Pakistan,2008,139.31288
1724,Pakistan,2007,95.4327931
1725,Pakistan,2006,873.772727
1726,Pakistan,2005,711.4699463
1727,Pakistan,2004,649.848233
1728,Pakistan,2003,563.594342
1729,Pakistan,2002,499.8633
1730,Pakistan,2001,51.6568157
1731,Pakistan,2000,533.8624114
1732,Panama,2015,13134.4367
1733,Panama,2014,12593.7374
1734,Panama,2013,11685.97983
1735,Panama,2012,1589.82713
1736,Panama,2011,927.723171
1737,Panama,2010,7937.259931
1738,Panama,2009,7429.628274
1739,Panama,2008,6973.9284
1740,Panama,2007,668.8667
1741,Panama,2006,5348.518399
1742,Panama,2005,4916.54886
1743,Panama,2004,4591.892776
1744,Panama,2003,4267.13578
1745,Panama,2002,4126.14671
1746,Panama,2001,446.372833
1747,Panama,2000,46.29935
1748,Papua New Guinea,2014,2182.716565
1749,Papua New Guinea,2013,229.95364
1750,Papua New Guinea,2012,271.318741
1751,Papua New Guinea,2011,177.867119
1752,Papua New Guinea,2010,1366.879112
1753,Papua New Guinea,2009,1166.66337
1754,Papua New Guinea,2008,1178.72469
1755,Papua New Guinea,2007,956.668952
1756,Papua New Guinea,2006,854.346921
1757,Papua New Guinea,2005,77.5773486
1758,Papua New Guinea,2004,637.3616215
1759,Papua New Guinea,2003,588.3582595
1760,Papua New Guinea,2002,511.665773
1761,Papua New Guinea,2001,539.41528
1762,Papua New Guinea,2000,631.9468526
1763,Paraguay,2015,419.367724
1764,Paraguay,2014,4712.822736
1765,Paraguay,2013,4479.95858
1766,Paraguay,2012,3855.537735
1767,Paraguay,2011,3988.11894
1768,Paraguay,2010,3225.591754
1769,Paraguay,2009,2599.596259
1770,Paraguay,2008,359.992184
1771,Paraguay,2007,2312.192926
1772,Paraguay,2006,189.71539
1773,Paraguay,2005,157.145691
1774,Paraguay,2004,148.527976
1775,Paraguay,2003,1174.779347
1776,Paraguay,2002,1148.229882
1777,Paraguay,2001,1417.26582
1778,Paraguay,2000,1545.626423
1779,Peru,2015,63.343259
1780,Peru,2014,6491.5245
1781,Peru,2013,6583.116248
1782,Peru,2012,6387.785281
1783,Peru,2011,5771.565878
1784,Peru,2010,522.493191
1785,Peru,2009,4166.93387
1786,Peru,2008,428.87811
1787,Peru,2007,3611.2147
1788,Peru,2006,3171.49856
1789,Peru,2005,2754.7829
1790,Peru,2004,2448.143899
1791,Peru,2003,218.25997
1792,Peru,2002,259.192958
1793,Peru,2001,1981.243653
1794,Peru,2000,1996.719689
1795,Philippines,2015,2878.33837
1796,Philippines,2014,2842.938353
1797,Philippines,2013,276.289146
1798,Philippines,2012,2581.818554
1799,Philippines,2011,2352.518156
1800,Philippines,2010,2129.499242
1801,Philippines,2009,1825.341521
1802,Philippines,2008,1919.466195
1803,Philippines,2007,1672.685433
1804,Philippines,2006,1391.772325
1805,Philippines,2005,1194.697155
1806,Philippines,2004,179.3715
1807,Philippines,2003,11.553196
1808,Philippines,2002,1.68135
1809,Philippines,2001,957.287441
1810,Philippines,2000,138.91977
1811,Poland,2015,12565.9876
1812,Poland,2014,14341.675
1813,Poland,2013,1378.54911
1814,Poland,2012,13145.1484
1815,Poland,2011,13893.18768
1816,Poland,2010,12599.52486
1817,Poland,2009,11527.59323
1818,Poland,2008,141.44688
1819,Poland,2007,1126.31852
1820,Poland,2006,94.7726
1821,Poland,2005,821.251569
1822,Poland,2004,6681.178818
1823,Poland,2003,5693.52416
1824,Poland,2002,5196.932921
1825,Poland,2001,4981.198619
1826,Poland,2000,4492.72764
1827,Portugal,2015,1922.681
1828,Portugal,2014,2277.53613
1829,Portugal,2013,21618.73534
1830,Portugal,2012,2577.4264
1831,Portugal,2011,23196.18375
1832,Portugal,2010,22538.6548
1833,Portugal,2009,2363.97161
1834,Portugal,2008,24815.6884
1835,Portugal,2007,2278.5845
1836,Portugal,2006,19821.44463
1837,Portugal,2005,18784.9485
1838,Portugal,2004,1845.5881
1839,Portugal,2003,15772.7334
1840,Portugal,2002,12882.28897
1841,Portugal,2001,11729.14616
1842,Portugal,2000,1152.39681
1843,Qatar,2015,66346.52267
1844,Qatar,2014,86852.7119
1845,Qatar,2013,8834.87958
1846,Qatar,2012,88564.82298
1847,Qatar,2011,85948.746
1848,Qatar,2010,736.22784
1849,Qatar,2009,61478.23813
1850,Qatar,2008,82967.37228
1851,Qatar,2007,675.61258
1852,Qatar,2006,6256.55926
1853,Qatar,2005,51488.49529
1854,Qatar,2004,41818.35256
1855,Qatar,2003,34176.98183
1856,Qatar,2002,2999.65492
1857,Qatar,2001,2843.63635
1858,Qatar,2000,29986.2915
1859,Romania,2015,8958.788593
1860,Romania,2014,12.27733
1861,Romania,2013,9585.266593
1862,Romania,2012,8558.39766
1863,Romania,2011,92.277825
1864,Romania,2010,8297.483621
1865,Romania,2009,822.18329
1866,Romania,2008,1136.47356
1867,Romania,2007,8214.185378
1868,Romania,2006,5828.745662
1869,Romania,2005,4676.315183
1870,Romania,2004,3552.92452
1871,Romania,2003,2774.95586
1872,Romania,2002,2124.873613
1873,Romania,2001,1839.72945
1874,Romania,2000,1668.162731
1875,Russian Federation,2015,9329.298351
1876,Russian Federation,2014,14125.961
1877,Russian Federation,2013,15543.67653
1878,Russian Federation,2012,15154.45687
1879,Russian Federation,2011,14212.687
1880,Russian Federation,2010,1674.98771
1881,Russian Federation,2009,8562.89598
1882,Russian Federation,2008,11635.2637
1883,Russian Federation,2007,911.25385
1884,Russian Federation,2006,692.194398
1885,Russian Federation,2005,5323.473877
1886,Russian Federation,2004,412.372294
1887,Russian Federation,2003,2975.132778
1888,Russian Federation,2002,2375.5944
1889,Russian Federation,2001,21.362386
1890,Russian Federation,2000,1771.58662
1891,Rwanda,2015,71.348397
1892,Rwanda,2014,76.5699517
1893,Rwanda,2013,688.8768557
1894,Rwanda,2012,678.796973
1895,Rwanda,2011,617.317648
1896,Rwanda,2010,563.491487
1897,Rwanda,2009,539.1538211
1898,Rwanda,2008,5.6687264
1899,Rwanda,2007,44.853339
1900,Rwanda,2006,342.3656294
1901,Rwanda,2005,287.931877
1902,Rwanda,2004,236.9114381
1903,Rwanda,2003,212.6619491
1904,Rwanda,2002,196.59778
1905,Rwanda,2001,21.569654
1906,Rwanda,2000,216.172747
1907,Samoa,2015,4149.363444
1908,Samoa,2014,4178.973369
1909,Samoa,2013,4219.65123
1910,Samoa,2012,4234.554443
1911,Samoa,2011,3942.9827
1912,Samoa,2010,3453.487434
1913,Samoa,2009,335.112838
1914,Samoa,2008,359.82223
1915,Samoa,2007,322.543121
1916,Samoa,2006,287.963899
1917,Samoa,2005,2571.262348
1918,Samoa,2004,2351.33814
1919,Samoa,2003,197.29417
1920,Samoa,2002,1631.41727
1921,Samoa,2001,1555.47451
1922,Samoa,2000,154.68923
1923,Sao Tome and Principe,2015,1624.63963
1924,Sao Tome and Principe,2014,1821.878734
1925,Sao Tome and Principe,2013,1619.532678
1926,Sao Tome and Principe,2012,138.949959
1927,Sao Tome and Principe,2011,134.326189
1928,Sao Tome and Principe,2010,1129.754961
1929,Sao Tome and Principe,2009,199.57146
1930,Sao Tome and Principe,2008,1126.46212
1931,Sao Tome and Principe,2007,894.927988
1932,Sao Tome and Principe,2006,843.89447
1933,Sao Tome and Principe,2005,81.86157
1934,Sao Tome and Principe,2004,693.345683
1935,Sao Tome and Principe,2003,649.342153
1936,Sao Tome and Principe,2002,555.8185378
1937,Sao Tome and Principe,2001,51.216381
1938,Saudi Arabia,2015,2732.86172
1939,Saudi Arabia,2014,24575.434
1940,Saudi Arabia,2013,24934.38614
1941,Saudi Arabia,2012,2533.9462
1942,Saudi Arabia,2011,2377.74739
1943,Saudi Arabia,2010,19259.58726
1944,Saudi Arabia,2009,1694.2931
1945,Saudi Arabia,2008,237.83234
1946,Saudi Arabia,2007,16472.1665
1947,Saudi Arabia,2006,15334.66994
1948,Saudi Arabia,2005,13739.82945
1949,Saudi Arabia,2004,11138.8746
1950,Saudi Arabia,2003,9567.458285
1951,Saudi Arabia,2002,8655.311531
1952,Saudi Arabia,2001,8643.4944
1953,Saudi Arabia,2000,9126.954277
1954,Senegal,2015,98.7256145
1955,Senegal,2014,152.443873
1956,Senegal,2013,148.912351
1957,Senegal,2012,136.4518
1958,Senegal,2011,18.25321
1959,Senegal,2010,11.631377
1960,Senegal,2009,12.566464
1961,Senegal,2008,11.33678
1962,Senegal,2007,95.3978522
1963,Senegal,2006,89.838296
1964,Senegal,2005,773.8698713
1965,Senegal,2004,733.581811
1966,Senegal,2003,642.7663113
1967,Senegal,2002,513.26227
1968,Senegal,2001,481.287397
1969,Senegal,2000,473.45338
1970,Serbia,2015,5237.255334
1971,Serbia,2014,62.173221
1972,Serbia,2013,6353.826383
1973,Serbia,2012,5659.3824
1974,Serbia,2011,6423.291783
1975,Serbia,2010,5411.87744
1976,Serbia,2009,5821.35397
1977,Serbia,2008,671.773913
1978,Serbia,2007,5458.121718
1979,Serbia,2006,4129.758741
1980,Serbia,2005,3528.1318
1981,Serbia,2004,3331.228766
1982,Serbia,2003,2832.49652
1983,Serbia,2002,2149.9944
1984,Serbia,2001,1634.87561
1985,Serbia,2000,87.1365252
1986,Seychelles,2015,1539.464
1987,Seychelles,2014,1557.77892
1988,Seychelles,2013,15687.34795
1989,Seychelles,2012,12845.17363
1990,Seychelles,2011,12189.9516
1991,Seychelles,2010,184.68447
1992,Seychelles,2009,976.9566
1993,Seychelles,2008,11122.8627
1994,Seychelles,2007,12154.82994
1995,Seychelles,2006,1214.39987
1996,Seychelles,2005,1192.5174
1997,Seychelles,2004,1176.65871
1998,Seychelles,2003,8524.961236
1999,Seychelles,2002,8331.261997
2000,Seychelles,2001,7663.1378
2001,Seychelles,2000,7578.85153
2002,Sierra Leone,2015,587.538233
2003,Sierra Leone,2014,78.4394757
2004,Sierra Leone,2013,71.8186998
2005,Sierra Leone,2012,561.8984239
2006,Sierra Leone,2011,445.525
2007,Sierra Leone,2010,45.128418
2008,Sierra Leone,2009,394.5932439
2009,Sierra Leone,2008,46.3759178
2010,Sierra Leone,2007,358.8274716
2011,Sierra Leone,2006,322.313468
2012,Sierra Leone,2005,287.6891942
2013,Sierra Leone,2004,263.145817
2014,Sierra Leone,2003,263.7618312
2015,Sierra Leone,2002,249.939542
2016,Sierra Leone,2001,227.779471
2017,Sierra Leone,2000,139.3147734
2018,Singapore,2015,53629.73746
2019,Singapore,2014,56336.7234
2020,Singapore,2013,5629.18914
2021,Singapore,2012,54431.16199
2022,Singapore,2011,53166.67581
2023,Singapore,2010,46569.67951
2024,Singapore,2009,38577.55822
2025,Singapore,2008,39721.4818
2026,Singapore,2007,39223.58187
2027,Singapore,2006,33579.85948
2028,Singapore,2005,29869.85398
2029,Singapore,2004,2745.27136
2030,Singapore,2003,23573.6284
2031,Singapore,2002,2216.83279
2032,Singapore,2001,21577.7823
2033,Singapore,2000,23792.677
2034,Slovenia,2015,2729.86383
2035,Slovenia,2014,242.67286
2036,Slovenia,2013,2315.31799
2037,Slovenia,2012,22486.47167
2038,Slovenia,2011,24985.24827
2039,Slovenia,2010,23437.4722
2040,Slovenia,2009,24633.79785
2041,Slovenia,2008,2751.8127
2042,Slovenia,2007,23841.31792
2043,Slovenia,2006,19726.1265
2044,Slovenia,2005,18169.1891
2045,Slovenia,2004,1726.9151
2046,Slovenia,2003,1488.47154
2047,Slovenia,2002,11814.9994
2048,Slovenia,2001,1479.29634
2049,Slovenia,2000,1227.73677
2050,Solomon Islands,2015,1922.41388
2051,Solomon Islands,2014,29.652622
2052,Solomon Islands,2013,188.5159
2053,Solomon Islands,2012,1858.689868
2054,Solomon Islands,2011,1642.837974
2055,Solomon Islands,2010,1272.44825
2056,Solomon Islands,2009,1158.282672
2057,Solomon Islands,2008,125.79167
2058,Solomon Islands,2007,146.931125
2059,Solomon Islands,2006,948.6592511
2060,Solomon Islands,2005,88.874858
2061,Solomon Islands,2004,818.442619
2062,Solomon Islands,2003,744.7657423
2063,Solomon Islands,2002,784.9562874
2064,Solomon Islands,2001,944.81684
2065,Solomon Islands,2000,154.518572
2066,Somalia,2015,426.98537
2067,Somalia,2014,417.89143
2068,Somalia,2013,47.5432354
2069,South Africa,2015,5769.77258
2070,South Africa,2014,6479.625659
2071,South Africa,2013,6876.953821
2072,South Africa,2012,7548.163698
2073,South Africa,2011,849.954224
2074,South Africa,2010,7362.76139
2075,South Africa,2009,5888.6284
2076,South Africa,2008,5786.59972
2077,South Africa,2007,6125.39984
2078,South Africa,2006,5631.73485
2079,South Africa,2005,5414.634326
2080,South Africa,2004,4863.51688
2081,South Africa,2003,3775.68275
2082,South Africa,2002,2518.398261
2083,South Africa,2001,2681.781
2084,South Africa,2000,337.2253
2085,Spain,2015,25683.84565
2086,Spain,2014,296.47225
2087,Spain,2013,2921.9342
2088,Spain,2012,28562.29324
2089,Spain,2011,31834.21816
2090,Spain,2010,3736.228
2091,Spain,2009,32333.4661
2092,Spain,2008,35578.73619
2093,Spain,2007,3279.414
2094,Spain,2006,28482.6948
2095,Spain,2005,2651.71745
2096,Spain,2004,24918.64584
2097,Spain,2003,21495.7741
2098,Spain,2002,1719.53541
2099,Spain,2001,15323.6114
2100,Spain,2000,14676.769
2101,Sri Lanka,2015,3844.89123
2102,Sri Lanka,2014,382.54994
2103,Sri Lanka,2013,361.289374
2104,Sri Lanka,2012,335.521375
2105,Sri Lanka,2011,322.992615
2106,Sri Lanka,2010,2819.511161
2107,Sri Lanka,2009,216.681584
2108,Sri Lanka,2008,254.489192
2109,Sri Lanka,2007,1644.816372
2110,Sri Lanka,2006,1448.7611
2111,Sri Lanka,2005,1259.87591
2112,Sri Lanka,2004,174.6692
2113,Sri Lanka,2003,989.4547732
2114,Sri Lanka,2002,873.1472436
2115,Sri Lanka,2001,837.699787
2116,Sri Lanka,2000,875.412178
2117,Suriname,2015,8818.982566
2118,Suriname,2014,9564.46383
2119,Suriname,2013,9484.56898
2120,Suriname,2012,9272.413453
2121,Suriname,2011,8318.97692
2122,Suriname,2010,833.31332
2123,Suriname,2009,7443.85178
2124,Suriname,2008,6858.163158
2125,Suriname,2007,5761.39536
2126,Suriname,2006,527.92
2127,Suriname,2005,3595.8855
2128,Suriname,2004,36.48773
2129,Suriname,2003,263.1399
2130,Suriname,2002,2232.513244
2131,Suriname,2001,1598.77512
2132,Suriname,2000,1888.61829
2133,Swaziland,2015,3136.92511
2134,Swaziland,2014,3464.35169
2135,Swaziland,2013,3598.75972
2136,Swaziland,2012,3851.51547
2137,Swaziland,2011,3934.27325
2138,Swaziland,2010,369.239336
2139,Swaziland,2009,332.517125
2140,Swaziland,2008,2842.438422
2141,Swaziland,2007,347.48798
2142,Swaziland,2006,2937.36723
2143,Swaziland,2005,2873.862141
2144,Swaziland,2004,2529.633557
2145,Swaziland,2003,22.99449
2146,Swaziland,2002,1324.996228
2147,Swaziland,2001,1437.634951
2148,Swaziland,2000,1637.4567
2149,Sweden,2015,5585.25847
2150,Sweden,2014,5918.19898
2151,Sweden,2013,6283.24522
2152,Sweden,2012,57134.777
2153,Sweden,2011,59593.28711
2154,Sweden,2010,5276.25591
2155,Sweden,2009,4627.592
2156,Sweden,2008,55746.84238
2157,Sweden,2007,53324.37937
2158,Sweden,2006,46256.4716
2159,Sweden,2005,4385.35315
2160,Sweden,2004,42442.2245
2161,Sweden,2003,36961.42537
2162,Sweden,2002,29571.7446
2163,Sweden,2001,26969.24457
2164,Sweden,2000,29283.55
2165,Switzerland,2015,8989.8424
2166,Switzerland,2014,85814.58857
2167,Switzerland,2013,84658.88768
2168,Switzerland,2012,83164.38795
2169,Switzerland,2011,87998.44468
2170,Switzerland,2010,74276.71842
2171,Switzerland,2009,69672.471
2172,Switzerland,2008,72119.5687
2173,Switzerland,2007,63223.46778
2174,Switzerland,2006,57348.92788
2175,Switzerland,2005,54797.54663
2176,Switzerland,2004,53255.97631
2177,Switzerland,2003,4796.56497
2178,Switzerland,2002,41336.72192
2179,Switzerland,2001,38538.64447
2180,Switzerland,2000,37813.23426
2181,Syrian Arab Republic,2007,258.3529
2182,Syrian Arab Republic,2006,1762.24617
2183,Syrian Arab Republic,2005,1577.457182
2184,Syrian Arab Republic,2004,148.852738
2185,Syrian Arab Republic,2003,1253.39143
2186,Syrian Arab Republic,2002,1263.13455
2187,Syrian Arab Republic,2001,1258.421953
2188,Syrian Arab Republic,2000,1177.629268
2189,Tajikistan,2015,918.6771543
2190,Tajikistan,2014,114.45919
2191,Tajikistan,2013,14.214412
2192,Tajikistan,2012,954.725253
2193,Tajikistan,2011,834.5412953
2194,Tajikistan,2010,738.3475227
2195,Tajikistan,2009,666.3458569
2196,Tajikistan,2008,76.914128
2197,Tajikistan,2007,52.35956
2198,Tajikistan,2006,44.2872665
2199,Tajikistan,2005,337.359236
2200,Tajikistan,2004,39.281834
2201,Tajikistan,2003,236.314438
2202,Tajikistan,2002,189.3878519
2203,Tajikistan,2001,17.8159721
2204,Tajikistan,2000,138.436633
2205,Thailand,2015,5814.863134
2206,Thailand,2014,5941.8471
2207,Thailand,2013,6171.262444
2208,Thailand,2012,5859.915622
2209,Thailand,2011,5491.159981
2210,Thailand,2010,575.32176
2211,Thailand,2009,4212.5492
2212,Thailand,2008,4378.68746
2213,Thailand,2007,3972.26475
2214,Thailand,2006,3368.952576
2215,Thailand,2005,2893.651356
2216,Thailand,2004,2659.83918
2217,Thailand,2003,2358.93629
2218,Thailand,2002,296.54617
2219,Thailand,2001,1893.145377
2220,Thailand,2000,27.564826
2221,Timor-Leste,2015,1161.76935
2222,Timor-Leste,2014,1153.51578
2223,Timor-Leste,2013,117.765674
2224,Timor-Leste,2012,1117.77724
2225,Timor-Leste,2011,114.56179
2226,Timor-Leste,2010,849.8626972
2227,Timor-Leste,2009,757.3114436
2228,Timor-Leste,2008,643.71911
2229,Timor-Leste,2007,524.8959363
2230,Timor-Leste,2006,441.53226
2231,Timor-Leste,2005,478.331859
2232,Timor-Leste,2004,467.5438297
2233,Timor-Leste,2003,471.4565823
2234,Timor-Leste,2002,48.61552
2235,Timor-Leste,2001,56.4249869
2236,Timor-Leste,2000,422.28633
2237,Togo,2015,551.138346
2238,Togo,2014,62.1318489
2239,Togo,2013,579.43485
2240,Togo,2012,563.6894247
2241,Togo,2011,562.3393592
2242,Togo,2010,487.9238913
2243,Togo,2009,499.6468713
2244,Togo,2008,513.391914
2245,Togo,2007,42.764743
2246,Togo,2006,377.33629
2247,Togo,2005,372.1721837
2248,Togo,2004,349.9937253
2249,Togo,2003,31.437144
2250,Togo,2002,28.832123
2251,Togo,2001,26.6394652
2252,Togo,2000,26.3932935
2253,Tonga,2015,493.775387
2254,Tonga,2014,4192.349758
2255,Tonga,2013,4266.557174
2256,Tonga,2012,451.542462
2257,Tonga,2011,445.18866
2258,Tonga,2010,3547.59975
2259,Tonga,2009,37.846563
2260,Tonga,2008,3392.64743
2261,Tonga,2007,2932.315883
2262,Tonga,2006,2892.522663
2263,Tonga,2005,2594.74999
2264,Tonga,2004,2284.37858
2265,Tonga,2003,229.714718
2266,Tonga,2002,1842.44421
2267,Tonga,2001,1837.977391
2268,Tonga,2000,263.27236
2269,Trinidad and Tobago,2015,17321.83373
2270,Trinidad and Tobago,2014,19325.24283
2271,Trinidad and Tobago,2013,1967.83283
2272,Trinidad and Tobago,2012,19152.531
2273,Trinidad and Tobago,2011,1953.9767
2274,Trinidad and Tobago,2010,16683.94578
2275,Trinidad and Tobago,2009,1458.8796
2276,Trinidad and Tobago,2008,21188.11857
2277,Trinidad and Tobago,2007,1653.1844
2278,Trinidad and Tobago,2006,1495.96337
2279,Trinidad and Tobago,2005,12323.1275
2280,Trinidad and Tobago,2004,129.51914
2281,Trinidad and Tobago,2003,884.518666
2282,Trinidad and Tobago,2002,749.626612
2283,Trinidad and Tobago,2001,6935.721451
2284,Trinidad and Tobago,2000,643.947262
2285,Tunisia,2015,3828.91589
2286,Tunisia,2014,4271.68172
2287,Tunisia,2013,4199.47253
2288,Tunisia,2012,4137.55421
2289,Tunisia,2011,4256.91279
2290,Tunisia,2010,414.15177
2291,Tunisia,2009,4129.977335
2292,Tunisia,2008,431.9326
2293,Tunisia,2007,3778.184171
2294,Tunisia,2006,3371.71231
2295,Tunisia,2005,3194.562243
2296,Tunisia,2004,3112.83529
2297,Tunisia,2003,2761.969249
2298,Tunisia,2002,2346.5937
2299,Tunisia,2001,2254.933126
2300,Tunisia,2000,2213.91488
2301,Turkey,2015,1979.52569
2302,Turkey,2014,12127.22522
2303,Turkey,2013,12542.93565
2304,Turkey,2012,1172.3843
2305,Turkey,2011,11341.13395
2306,Turkey,2010,1672.5693
2307,Turkey,2009,936.499911
2308,Turkey,2008,185.68975
2309,Turkey,2007,979.49246
2310,Turkey,2006,834.869161
2311,Turkey,2005,7384.354661
2312,Turkey,2004,64.72953
2313,Turkey,2003,4718.51291
2314,Turkey,2002,366.57
2315,Turkey,2001,3119.63716
2316,Turkey,2000,4316.553895
2317,Turkmenistan,2015,6432.668768
2318,Turkmenistan,2014,7962.365824
2319,Turkmenistan,2013,734.42525
2320,Turkmenistan,2012,6675.262954
2321,Turkmenistan,2011,5649.978486
2322,Turkmenistan,2010,4439.23
2323,Turkmenistan,2009,436.459223
2324,Turkmenistan,2008,394.467675
2325,Turkmenistan,2007,26.371428
2326,Turkmenistan,2006,2136.66815
2327,Turkmenistan,2005,174.51475
2328,Turkmenistan,2004,1453.917166
2329,Turkmenistan,2003,1283.885977
2330,Turkmenistan,2002,967.917468
2331,Turkmenistan,2001,774.4763388
2332,Turkmenistan,2000,643.17518
2333,Uganda,2015,693.8963829
2334,Uganda,2014,719.172669
2335,Uganda,2013,662.492293
2336,Uganda,2012,647.74741
2337,Uganda,2011,584.3962137
2338,Uganda,2010,594.9972557
2339,Uganda,2009,647.17732
2340,Uganda,2008,449.6928183
2341,Uganda,2007,41.858631
2342,Uganda,2006,336.4593923
2343,Uganda,2005,315.788227
2344,Uganda,2004,288.236949
2345,Uganda,2003,237.9995917
2346,Uganda,2002,24.2423229
2347,Uganda,2001,234.984775
2348,Uganda,2000,257.63369
2349,Ukraine,2015,2124.662666
2350,Ukraine,2014,314.658296
2351,Ukraine,2013,429.71554
2352,Ukraine,2012,3855.42128
2353,Ukraine,2011,3569.75727
2354,Ukraine,2010,2965.142365
2355,Ukraine,2009,2545.48341
2356,Ukraine,2008,3891.37823
2357,Ukraine,2007,368.68998
2358,Ukraine,2006,233.18831
2359,Ukraine,2005,1828.717626
2360,Ukraine,2004,1367.352433
2361,Ukraine,2003,148.522488
2362,Ukraine,2002,879.475486
2363,Ukraine,2001,78.738243
2364,Ukraine,2000,635.789635
2365,United Arab Emirates,2015,3911.74689
2366,United Arab Emirates,2014,44449.7435
2367,United Arab Emirates,2013,4335.64268
2368,United Arab Emirates,2012,42112.23565
2369,United Arab Emirates,2011,4462.3129
2370,United Arab Emirates,2010,3549.14832
2371,United Arab Emirates,2009,3372.57517
2372,United Arab Emirates,2008,45758.9554
2373,United Arab Emirates,2007,42672.61323
2374,United Arab Emirates,2006,42372.22166
2375,United Arab Emirates,2005,39439.8197
2376,United Arab Emirates,2004,36161.1761
2377,United Arab Emirates,2003,3323.52318
2378,United Arab Emirates,2002,31311.35936
2379,United Arab Emirates,2001,3161.52935
2380,United Arab Emirates,2000,3371.26869
2381,Uruguay,2015,15524.84247
2382,Uruguay,2014,16737.89827
2383,Uruguay,2013,16881.2568
2384,Uruguay,2012,1592.6819
2385,Uruguay,2011,14166.4998
2386,Uruguay,2010,11938.212
2387,Uruguay,2009,9415.17386
2388,Uruguay,2008,962.312164
2389,Uruguay,2007,79.69746
2390,Uruguay,2006,5877.87678
2391,Uruguay,2005,522.951116
2392,Uruguay,2004,4117.38853
2393,Uruguay,2003,3622.52284
2394,Uruguay,2002,488.768855
2395,Uruguay,2001,6281.37747
2396,Uruguay,2000,6871.897677
2397,Uzbekistan,2015,2137.576852
2398,Uzbekistan,2014,25.448414
2399,Uzbekistan,2013,197.551233
2400,Uzbekistan,2012,174.468298
2401,Uzbekistan,2011,1564.966945
2402,Uzbekistan,2010,1377.8214
2403,Uzbekistan,2009,1213.265328
2404,Uzbekistan,2008,182.28625
2405,Uzbekistan,2007,83.476942
2406,Uzbekistan,2006,654.2838373
2407,Uzbekistan,2005,546.776852
2408,Uzbekistan,2004,465.1198869
2409,Uzbekistan,2003,396.129969
2410,Uzbekistan,2002,383.3494997
2411,Uzbekistan,2001,456.734892
2412,Uzbekistan,2000,558.221144
2413,Vanuatu,2015,285.83414
2414,Vanuatu,2014,3148.36513
2415,Vanuatu,2013,3167.34356
2416,Vanuatu,2012,3158.58688
2417,Vanuatu,2011,3275.91684
2418,Vanuatu,2010,2965.82434
2419,Vanuatu,2009,2643.441423
2420,Vanuatu,2008,2697.961375
2421,Vanuatu,2007,2393.367265
2422,Vanuatu,2006,247.97823
2423,Vanuatu,2005,1886.433359
2424,Vanuatu,2004,1787.94723
2425,Vanuatu,2003,158.52724
2426,Vanuatu,2002,1353.934819
2427,Vanuatu,2001,1362.61731
2428,Vanuatu,2000,1469.849149
2429,Zambia,2015,1313.889646
2430,Zambia,2014,1738.8822
2431,Zambia,2013,185.793359
2432,Zambia,2012,1734.93612
2433,Zambia,2011,1644.619672
2434,Zambia,2010,1463.213573
2435,Zambia,2009,1139.11233
2436,Zambia,2008,1369.68249
2437,Zambia,2007,114.587985
2438,Zambia,2006,13.154199
2439,Zambia,2005,691.3178164
2440,Zambia,2004,53.2772217
2441,Zambia,2003,429.1583434
2442,Zambia,2002,377.135244
2443,Zambia,2001,378.2736238
2444,Zambia,2000,341.955625
2445,Zimbabwe,2015,118.69383
2446,Zimbabwe,2014,127.47462
2447,Zimbabwe,2013,111.227396
2448,Zimbabwe,2012,955.648466
2449,Zimbabwe,2011,839.927936
2450,Zimbabwe,2010,713.63562
2451,Zimbabwe,2009,65.824121
2452,Zimbabwe,2008,325.678573
2453,Zimbabwe,2007,396.9982166
2454,Zimbabwe,2006,414.796232
2455,Zimbabwe,2005,444.76575
2456,Zimbabwe,2004,454.366654
2457,Zimbabwe,2003,453.3511552
2458,Zimbabwe,2002,57.34834
2459,Zimbabwe,2001,548.587312
2460,Zimbabwe,2000,547.3588785
