Afghanistan,2015,584.25921
Afghanistan,2014,612.696514
Afghanistan,2013,631.744976
Afghanistan,2012,669.959
Afghanistan,2011,63.537231
Afghanistan,2010,553.32894
Afghanistan,2009,445.8932979
Afghanistan,2008,373.3611163
Afghanistan,2007,369.835796
Afghanistan,2006,272.56377
Afghanistan,2005,25.2941299
Afghanistan,2004,219.1413528
Afghanistan,2003,198.7285436
Afghanistan,2002,187.84595
Afghanistan,2001,117.49698
Afghanistan,2000,114.56
Albania,2015,3954.22783
Albania,2014,4575.763787
Albania,2013,4414.72314
Albania,2012,4247.61438
Albania,2011,4437.17868
Albania,2010,494.358832
Albania,2009,4114.136545
Albania,2008,437.539647
Albania,2007,363.13685
Albania,2006,35.1293
Albania,2005,279.142931
Albania,2004,2416.588235
Albania,2003,189.681557
Albania,2002,1453.642777
Albania,2001,1326.97339
Albania,2000,1175.788981
Algeria,2015,4132.76292
Algeria,2014,547.8517
Algeria,2013,5471.866766
Algeria,2012,5564.82566
Algeria,2011,5432.2523
Algeria,2010,4463.394675
Algeria,2009,3868.83123
Algeria,2008,495.254866
Algeria,2007,3935.183343
Algeria,2006,3464.6179
Algeria,2005,31.122378
Algeria,2004,2598.9823
Algeria,2003,294.33556
Algeria,2002,1774.33673
Algeria,2001,1732.857979
Algeria,2000,1757.17797
Angola,2015,3695.793748
Angola,2014,479.31224
Angola,2013,484.616884
Angola,2012,4598.249988
Angola,2011,4299.12889
Angola,2010,3529.53482
Angola,2009,3347.84485
Angola,2008,3868.578883
Angola,2007,2878.837144
Angola,2006,262.415149
Angola,2005,1443.991929
Angola,2004,141.86844
Angola,2003,779.468356
Angola,2002,711.181716
Angola,2001,526.168743
Angola,2000,555.2969419
Antigua and Barbuda,2015,13566.9541
Antigua and Barbuda,2014,12888.29667
Antigua and Barbuda,2013,12224.86416
Antigua and Barbuda,2012,12565.44197
Antigua and Barbuda,2011,11929.34991
Antigua and Barbuda,2010,12126.87614
Antigua and Barbuda,2009,1312.46692
Antigua and Barbuda,2008,1473.31923
Antigua and Barbuda,2007,14252.29452
Antigua and Barbuda,2006,12724.39377
Antigua and Barbuda,2005,11371.93895
Antigua and Barbuda,2004,1352.8374
Antigua and Barbuda,2003,9739.82556
Antigua and Barbuda,2002,9386.716452
Antigua and Barbuda,2001,9358.154162
Antigua and Barbuda,2000,9875.161736
Argentina,2015,13467.1236
Argentina,2014,12245.25645
Argentina,2013,12976.63642
Argentina,2012,12969.7712
Argentina,2011,12726.9836
Argentina,2010,1276.265
Argentina,2009,8161.36966
Argentina,2008,8953.359275
Argentina,2007,7193.61764
Argentina,2006,5878.76127
Argentina,2005,576.883829
Argentina,2004,4251.574348
Argentina,2003,333.4376
Argentina,2002,2579.193168
Argentina,2001,717.694674
Argentina,2000,7669.273916
Armenia,2015,369.654776
Armenia,2014,3994.712355
Armenia,2013,3843.591213
Armenia,2012,3684.8481
Armenia,2011,3526.978143
Armenia,2010,3218.381655
Armenia,2009,2993.832531
Armenia,2008,41.26997
Armenia,2007,3138.8873
Armenia,2006,2158.299
Armenia,2005,1643.758397
Armenia,2004,1191.96192
Armenia,2003,93.1661567
Armenia,2002,783.261699
Armenia,2001,694.435119
Armenia,2000,622.7427477
Australia,2015,56554.3876
Australia,2014,62214.6912
Australia,2013,67792.3386
Australia,2012,67677.63477
Australia,2011,62245.129
Australia,2010,51874.848
Australia,2009,42742.99898
Australia,2008,49664.6854
Australia,2007,4991.98289
Australia,2006,36118.28381
Australia,2005,3416.71483
Australia,2004,3472.37977
Australia,2003,23465.38559
Australia,2002,281.81763
Australia,2001,19517.84168
Australia,2000,2169.921
Austria,2015,43665.947
Austria,2014,51322.63997
Austria,2013,554.71532
Austria,2012,48333.57273
Austria,2011,51126.74139
Austria,2010,46657.629
Austria,2009,47654.18721
Austria,2008,51386.37665
Austria,2007,46586.6525
Austria,2006,443.99361
Austria,2005,38242.4252
Austria,2004,36693.4262
Austria,2003,3212.9355
Austria,2002,26351.37568
Austria,2001,24489.73553
Austria,2000,24517.26745
Azerbaijan,2015,55.31382
Azerbaijan,2014,7891.299776
Azerbaijan,2013,7875.756953
Azerbaijan,2012,7496.335728
Azerbaijan,2011,7189.691229
Azerbaijan,2010,5842.85784
Azerbaijan,2009,495.294791
Azerbaijan,2008,5574.6382
Azerbaijan,2007,3851.437869
Azerbaijan,2006,2473.85776
Azerbaijan,2005,1578.4239
Azerbaijan,2004,145.2163
Azerbaijan,2003,883.6439965
Azerbaijan,2002,763.73858
Azerbaijan,2001,73.6838434
Azerbaijan,2000,655.974326
Bahrain,2015,22688.87824
Bahrain,2014,24983.3792
Bahrain,2013,251.18329
Bahrain,2012,23649.36661
Bahrain,2011,2281.1242
Bahrain,2010,2722.1389
Bahrain,2009,19356.67236
Bahrain,2008,2367.56535
Bahrain,2007,2977.1153
Bahrain,2006,1937.99549
Bahrain,2005,17959.17854
Bahrain,2004,15846.47641
Bahrain,2003,14221.99259
Bahrain,2002,1312.33457
Bahrain,2001,12868.211
Bahrain,2000,13636.34668
Bangladesh,2015,121.15812
Bangladesh,2014,184.56543
Bangladesh,2013,951.8894535
Bangladesh,2012,856.342857
Bangladesh,2011,835.789341
Bangladesh,2010,757.6717572
Bangladesh,2009,681.125368
Bangladesh,2008,615.7775411
Bangladesh,2007,541.651484
Bangladesh,2006,494.51466
Bangladesh,2005,484.155471
Bangladesh,2004,46.7579167
Bangladesh,2003,432.7388972
Bangladesh,2002,4.6135745
Bangladesh,2001,42.5981152
Bangladesh,2000,45.63371
Barbados,2015,15557.8381
Barbados,2014,15359.66971
Barbados,2013,15472.7814
Barbados,2012,15384.8749
Barbados,2011,15534.1574
Barbados,2010,1595.91232
Barbados,2009,16523.32388
Barbados,2008,1657.3228
Barbados,2007,16462.48556
Barbados,2006,15646.5591
Barbados,2005,14223.86576
Barbados,2004,12868.8639
Barbados,2003,1228.5447
Barbados,2002,11675.39395
Barbados,2001,11513.87189
Barbados,2000,11568.1111
Belarus,2015,5949.11677
Belarus,2014,8318.429294
Belarus,2013,7978.825443
Belarus,2012,694.243915
Belarus,2011,6519.71753
Belarus,2010,63.38877
Belarus,2009,5176.172649
Belarus,2008,6376.183153
Belarus,2007,4735.484827
Belarus,2006,3848.215966
Belarus,2005,3126.71767
Belarus,2004,2378.33927
Belarus,2003,1819.525644
Belarus,2002,1479.383142
Belarus,2001,1244.373185
Belarus,2000,1276.28834
Belgium,2015,4356.875
Belgium,2014,47439.39684
Belgium,2013,4651.38647
Belgium,2012,4474.5717
Belgium,2011,4772.77415
Belgium,2010,4438.23741
Belgium,2009,4488.5615
Belgium,2008,48424.58927
Belgium,2007,4443.83131
Belgium,2006,38852.3613
Belgium,2005,36967.28292
Belgium,2004,35589.71295
Belgium,2003,3743.95693
Belgium,2002,2552.3328
Belgium,2001,23121.56635
Belgium,2000,2327.4591
Belize,2015,4849.997495
Belize,2014,4852.223666
Belize,2013,4688.538443
Belize,2012,4673.63848
Belize,2011,4516.24675
Belize,2010,4344.15177
Belize,2009,4258.788611
Belize,2008,447.22796
Belize,2007,4324.876427
Belize,2006,4187.3783
Belize,2005,3933.332215
Belize,2004,3831.53819
Belize,2003,3679.99523
Belize,2002,3556.561825
Belize,2001,3419.275719
Belize,2000,3364.423711
Benin,2015,783.94791
Benin,2014,943.686575
Benin,2013,915.2674586
Benin,2012,837.9551
Benin,2011,825.9427854
Benin,2010,757.695974
Benin,2009,793.45243
Benin,2008,82.1513498
Benin,2007,76.535419
Benin,2006,625.8392
Benin,2005,61.799977
Benin,2004,583.493514
Benin,2003,519.2922847
Benin,2002,418.6985763
Benin,2001,378.73654
Benin,2000,374.1923942
Bhutan,2015,2613.645177
Bhutan,2014,2522.7968
Bhutan,2013,235.882889
Bhutan,2012,2422.816
Bhutan,2011,2458.45976
Bhutan,2010,2178.921383
Bhutan,2009,177.234497
Bhutan,2008,1795.18137
Bhutan,2007,1741.142552
Bhutan,2006,1335.45696
Bhutan,2005,1247.61392
Bhutan,2004,197.45788
Bhutan,2003,997.7417141
Bhutan,2002,885.6382245
Bhutan,2001,87.9387673
Bhutan,2000,765.8632358
Bosnia and Herzegovina,2015,4574.9787
Bosnia and Herzegovina,2014,5193.94932
Bosnia and Herzegovina,2013,535.86555
Bosnia and Herzegovina,2012,4716.673325
Bosnia and Herzegovina,2011,55.156834
Bosnia and Herzegovina,2010,4611.47298
Bosnia and Herzegovina,2009,4697.89732
Bosnia and Herzegovina,2008,575.31664
Bosnia and Herzegovina,2007,418.292176
Bosnia and Herzegovina,2006,344.321698
Bosnia and Herzegovina,2005,2968.41186
Bosnia and Herzegovina,2004,265.642661
Bosnia and Herzegovina,2003,2214.732246
Bosnia and Herzegovina,2002,1761.537647
Bosnia and Herzegovina,2001,1524.41222
Bosnia and Herzegovina,2000,1461.7552
Botswana,2015,6532.651
Botswana,2014,7497.762376
Botswana,2013,77.625783
Botswana,2012,729.231453
Botswana,2011,7645.21469
Botswana,2010,6346.15624
Botswana,2009,5185.729845
Botswana,2008,5623.379566
Botswana,2007,5714.47937
Botswana,2006,5374.554867
Botswana,2005,5351.253732
Botswana,2004,4896.583835
Botswana,2003,4163.6596
Botswana,2002,355.618382
Botswana,2001,3128.97793
Botswana,2000,3349.68823
Brazil,2015,8757.2622
Brazil,2014,1226.61731
Brazil,2013,12216.9446
Brazil,2012,12291.46685
Brazil,2011,13167.47289
Brazil,2010,11224.1548
Brazil,2009,8553.3847
Brazil,2008,8787.61375
Brazil,2007,7313.557962
Brazil,2006,586.145975
Brazil,2005,477.182746
Brazil,2004,3623.47667
Brazil,2003,359.587582
Brazil,2002,2819.649531
Brazil,2001,3146.95177
Brazil,2000,3739.11936
Brunei Darussalam,2015,3967.8951
Brunei Darussalam,2014,4159.8652
Brunei Darussalam,2013,44597.27968
Brunei Darussalam,2012,47651.2599
Brunei Darussalam,2011,4717.273
Brunei Darussalam,2010,35268.1117
Brunei Darussalam,2009,27965.4754
Brunei Darussalam,2008,37951.286
Brunei Darussalam,2007,32672.36717
Brunei Darussalam,2006,398.96692
Brunei Darussalam,2005,2612.13345
Brunei Darussalam,2004,21896.6527
Brunei Darussalam,2003,18555.56649
Brunei Darussalam,2002,16846.2198
Brunei Darussalam,2001,16468.12886
Brunei Darussalam,2000,188.44826
Bulgaria,2015,6993.47736
Bulgaria,2014,7853.335191
Bulgaria,2013,7674.86559
Bulgaria,2012,7378.25539
Bulgaria,2011,7813.83499
Bulgaria,2010,6843.263289
Bulgaria,2009,6955.987733
Bulgaria,2008,7296.122479
Bulgaria,2007,5932.899677
Bulgaria,2006,4513.13628
Bulgaria,2005,3893.68998
Bulgaria,2004,3381.57837
Bulgaria,2003,271.46824
Bulgaria,2002,287.534843
Bulgaria,2001,1764.97387
Bulgaria,2000,169.28586
Burkina Faso,2015,615.592225
Burkina Faso,2014,75.1464113
Burkina Faso,2013,699.452847
Burkina Faso,2012,673.8227
Burkina Faso,2011,666.842783
Burkina Faso,2010,575.4464527
Burkina Faso,2009,552.7455521
Burkina Faso,2008,569.7612784
Burkina Faso,2007,475.11122
Burkina Faso,2006,422.6332374
Burkina Faso,2005,46.998871
Burkina Faso,2004,371.323865
Burkina Faso,2003,332.344351
Burkina Faso,2002,26.7635413
Burkina Faso,2001,235.4912324
Burkina Faso,2000,226.4759814
Burundi,2015,33.681223
Burundi,2014,312.7489794
Burundi,2013,282.7555252
Burundi,2012,265.285651
Burundi,2011,26.479973
Burundi,2010,231.1943256
Burundi,2009,24.944652
Burundi,2008,196.2472628
Burundi,2007,17.79995
Burundi,2006,165.8794176
Burundi,2005,15.57434
Burundi,2004,127.4296648
Burundi,2003,112.849373
Burundi,2002,122.4335893
Burundi,2001,133.7427689
Burundi,2000,135.9984455
Cabo Verde,2015,2954.119467
Cabo Verde,2014,3529.61843
Cabo Verde,2013,3558.796314
Cabo Verde,2012,348.482762
Cabo Verde,2011,367.429453
Cabo Verde,2010,3312.825985
Cabo Verde,2009,3444.5566
Cabo Verde,2008,3638.95946
Cabo Verde,2007,3112.285712
Cabo Verde,2006,234.28992
Cabo Verde,2005,248.13459
Cabo Verde,2004,1976.45856
Cabo Verde,2003,1768.92132
Cabo Verde,2002,1373.515636
Cabo Verde,2001,1268.884564
Cabo Verde,2000,1239.377855
Cambodia,2015,1163.18977
Cambodia,2014,198.687123
Cambodia,2013,128.419568
Cambodia,2012,95.244132
Cambodia,2011,882.491462
Cambodia,2010,785.6928841
Cambodia,2009,738.2326684
Cambodia,2008,745.7877873
Cambodia,2007,631.675789
Cambodia,2006,539.8791529
Cambodia,2005,474.2238766
Cambodia,2004,48.615184
Cambodia,2003,362.4213785
Cambodia,2002,339.676984
Cambodia,2001,321.22634
Cambodia,2000,3.685949
Cameroon,2015,1244.429421
Cameroon,2014,1441.1417
Cameroon,2013,1365.34419
Cameroon,2012,1255.648189
Cameroon,2011,1295.649726
Cameroon,2010,1182.869227
Cameroon,2009,123.19538
Cameroon,2008,1233.524316
Cameroon,2007,111.71186
Cameroon,2006,12.989164
Cameroon,2005,952.1872484
Cameroon,2004,93.211716
Cameroon,2003,824.8689393
Cameroon,2002,676.397661
Cameroon,2001,614.6729339
Cameroon,2000,68.414399
Canada,2015,43315.744
Canada,2014,544.43376
Canada,2013,52413.72116
Canada,2012,52496.69487
Canada,2011,5282.2176
Canada,2010,47447.4762
Canada,2009,4773.45436
Canada,2008,46596.33599
Canada,2007,44544.5268
Canada,2006,4386.69948
Canada,2005,36189.58838
Canada,2004,31979.87195
Canada,2003,28172.14883
Canada,2002,24167.8431
Canada,2001,23691.59472
Canada,2000,24124.16917
Central African Republic,2015,348.381417
Central African Republic,2014,377.132274
Central African Republic,2013,337.4849614
Central African Republic,2012,486.41114
Central African Republic,2011,494.336779
Central African Republic,2010,446.4434494
Central African Republic,2009,449.961839
Central African Republic,2008,456.8614334
Central African Republic,2007,397.148467
Central African Republic,2006,347.673678
Central African Republic,2005,327.1149461
Central African Republic,2004,313.21598
Central African Republic,2003,286.25819
Central African Republic,2002,253.768343
Central African Republic,2001,243.1586486
Central African Republic,2000,243.5429317
Chad,2015,777.248751
Chad,2014,125.998515
Chad,2013,986.13177
Chad,2012,973.472574
Chad,2011,989.2363633
Chad,2010,896.5697341
Chad,2009,84.455939
Chad,2008,929.772391
Chad,2007,81.683884
Chad,2006,712.1847694
Chad,2005,66.2421396
Chad,2004,454.6765879
Chad,2003,292.5914364
Chad,2002,22.854821
Chad,2001,197.3156442
Chad,2000,166.231785
Chile,2015,13653.2264
Chile,2014,14817.37778
Chile,2013,15941.39722
Chile,2012,15431.9293
Chile,2011,1475.69242
Chile,2010,1286.17764
Chile,2009,1243.32824
Chile,2008,1781.3668
Chile,2007,1526.87746
Chile,2006,9484.681227
Chile,2005,7615.3468
Chile,2004,621.828325
Chile,2003,4787.699532
Chile,2002,4463.545867
Chile,2001,4595.666327
Chile,2000,511.368479
China,2015,869.211938
China,2014,7683.5238
China,2013,777.77594
China,2012,6337.882993
China,2011,5633.79616
China,2010,456.512487
China,2009,3838.434292
China,2008,3471.247547
China,2007,2695.366223
China,2006,299.229676
China,2005,1753.4178
China,2004,158.668462
China,2003,1288.642924
China,2002,1148.5857
China,2001,153.1824
China,2000,959.372181
Colombia,2015,644.525556
Colombia,2014,7913.383432
Colombia,2013,83.5863
Colombia,2012,7884.984429
Colombia,2011,7227.73968
Colombia,2010,625.65544
Colombia,2009,5148.422113
Colombia,2008,5433.7245
Colombia,2007,4674.21961
Colombia,2006,379.78776
Colombia,2005,3386.256
Colombia,2004,274.249442
Colombia,2003,2246.257472
Colombia,2002,2355.725857
Colombia,2001,2395.856551
Colombia,2000,2472.197831
Comoros,2015,727.6463868
Comoros,2014,852.954379
Comoros,2013,834.341949
Comoros,2012,788.632653
Comoros,2011,829.7586885
Comoros,2010,769.1742883
Comoros,2009,778.5454199
Comoros,2008,795.97519
Comoros,2007,72.759313
Comoros,2006,648.38717
Comoros,2005,621.93372
Comoros,2004,616.4197236
Comoros,2003,544.566526
Comoros,2002,433.2691451
Comoros,2001,395.9319363
Comoros,2000,375.8528566
Costa Rica,2015,1146.36273
Costa Rica,2014,1647.44179
Costa Rica,2013,1569.66631
Costa Rica,2012,9985.36959
Costa Rica,2011,9186.59639
Costa Rica,2010,8199.414621
Costa Rica,2009,689.396224
Costa Rica,2008,6911.136136
Costa Rica,2007,612.623418
Costa Rica,2006,5245.187372
Costa Rica,2005,4697.11135
Costa Rica,2004,4425.57467
Costa Rica,2003,4167.71417
Costa Rica,2002,462.14965
Costa Rica,2001,3981.52847
Costa Rica,2000,388.363689
Croatia,2015,11579.6674
Croatia,2014,13467.46827
Croatia,2013,13574.749
Croatia,2012,13235.97757
Croatia,2011,14539.18421
Croatia,2010,1355.74586
Croatia,2009,14157.14416
Croatia,2008,15893.8656
Croatia,2007,13546.69872
Croatia,2006,11363.41845
Croatia,2005,1224.2459
Croatia,2004,9365.742468
Croatia,2003,785.881418
Croatia,2002,653.71637
Croatia,2001,5245.421419
Croatia,2000,4919.62869
Cuba,2015,762.261218
Cuba,2014,75.5199
Cuba,2013,676.15344
Cuba,2012,6425.941119
Cuba,2011,675.92436
Cuba,2010,5676.14143
Cuba,2009,5484.7763
Cuba,2008,5376.447622
Cuba,2007,5184.494227
Cuba,2006,4669.6916
Cuba,2005,3779.577
Cuba,2004,339.716256
Cuba,2003,3192.669378
Cuba,2002,2994.339988
Cuba,2001,2832.188893
Cuba,2000,2741.11542
Cyprus,2015,2375.1127
Cyprus,2014,2734.88382
Cyprus,2013,2797.96736
Cyprus,2012,28951.15556
Cyprus,2011,32233.83942
Cyprus,2010,3818.46396
Cyprus,2009,3215.8159
Cyprus,2008,3539.7488
Cyprus,2007,31386.63265
Cyprus,2006,27169.99256
Cyprus,2005,25324.48666
Cyprus,2004,23932.49128
Cyprus,2003,2293.4789
Cyprus,2002,16372.29152
Cyprus,2001,1562.92433
Cyprus,2000,14672.8826
Denmark,2015,5314.64416
Denmark,2014,62425.5392
Denmark,2013,61191.19263
Denmark,2012,5857.521
Denmark,2011,61753.667
Denmark,2010,5841.41122
Denmark,2009,58163.29359
Denmark,2008,64322.6664
Denmark,2007,58487.451
Denmark,2006,5226.99311
Denmark,2005,48799.8237
Denmark,2004,46511.6457
Denmark,2003,4458.7764
Denmark,2002,33228.69291
Denmark,2001,3751.64946
Denmark,2000,3743.55917
Djibouti,2015,1862.167274
Djibouti,2014,174.91511
Djibouti,2013,1622.637974
Djibouti,2012,1536.15685
Djibouti,2011,143.986898
Djibouti,2010,1325.99724
Djibouti,2009,1253.657431
Djibouti,2008,1214.77118
Djibouti,2007,147.586896
Djibouti,2006,965.6693779
Djibouti,2005,94.7297489
Djibouti,2004,864.184726
Djibouti,2003,819.974118
Djibouti,2002,792.15412
Djibouti,2001,781.2322196
Djibouti,2000,768.176767
Dominican Republic,2015,6468.471648
Dominican Republic,2014,6268.692122
Dominican Republic,2013,627.55544
Dominican Republic,2012,5968.876767
Dominican Republic,2011,5759.643
Dominican Republic,2010,5451.6696
Dominican Republic,2009,4952.67753
Dominican Republic,2008,511.37937
Dominican Republic,2007,4647.31359
Dominican Republic,2006,3836.468771
Dominican Republic,2005,3681.5993
Dominican Republic,2004,2421.9662
Dominican Republic,2003,2372.628827
Dominican Republic,2002,38.46578
Dominican Republic,2001,2862.154836
Dominican Republic,2000,282.4242
Ecuador,2015,625.62224
Ecuador,2014,6432.216537
Ecuador,2013,674.9829
Ecuador,2012,572.14313
Ecuador,2011,5223.351763
Ecuador,2010,4657.32361
Ecuador,2009,4255.56571
Ecuador,2008,4274.95265
Ecuador,2007,359.71886
Ecuador,2006,335.786541
Ecuador,2005,321.942547
Ecuador,2004,278.557892
Ecuador,2003,244.46898
Ecuador,2002,2183.966796
Ecuador,2001,193.741571
Ecuador,2000,1451.29776
El Salvador,2015,4127.11775
El Salvador,2014,3988.771871
El Salvador,2013,3895.664491
El Salvador,2012,3827.786267
El Salvador,2011,3736.58713
El Salvador,2010,3474.392445
El Salvador,2009,3366.482133
El Salvador,2008,357.347674
El Salvador,2007,334.83817
El Salvador,2006,362.951768
El Salvador,2005,2835.281237
El Salvador,2004,2632.79942
El Salvador,2003,2519.737387
El Salvador,2002,248.4125
El Salvador,2001,2338.772244
El Salvador,2000,2238.4116
Equatorial Guinea,2015,1347.31257
Equatorial Guinea,2014,192.59733
Equatorial Guinea,2013,2246.9938
Equatorial Guinea,2012,21557.6528
Equatorial Guinea,2011,21451.88617
Equatorial Guinea,2010,17136.44568
Equatorial Guinea,2009,1653.2937
Equatorial Guinea,2008,22742.38159
Equatorial Guinea,2007,15761.83913
Equatorial Guinea,2006,12732.2759
Equatorial Guinea,2005,185.63334
Equatorial Guinea,2004,685.34897
Equatorial Guinea,2003,3577.176197
Equatorial Guinea,2002,2711.17114
Equatorial Guinea,2001,2283.87939
Equatorial Guinea,2000,172.68491
Eritrea,2011,582.775532
Eritrea,2010,482.14994
Eritrea,2009,43.7544499
Eritrea,2008,326.825642
Eritrea,2007,317.3294336
Eritrea,2006,297.828588
Eritrea,2005,276.75896
Eritrea,2004,287.4222243
Eritrea,2003,232.7945459
Eritrea,2002,21.7687981
Eritrea,2001,215.139213
Eritrea,2000,28.1969487
Estonia,2015,1774.9291
Estonia,2014,19941.45532
Estonia,2013,1929.7746
Estonia,2012,17421.8922
Estonia,2011,17454.84342
Estonia,2010,14638.6482
Estonia,2009,14726.31828
Estonia,2008,1894.5485
Estonia,2007,16586.452
Estonia,2006,12595.4165
Estonia,2005,1338.31322
Estonia,2004,885.465115
Estonia,2003,7174.237415
Estonia,2002,538.347781
Estonia,2001,4498.95727
Estonia,2000,47.32827
Ethiopia,2015,645.4637627
Ethiopia,2014,571.1622759
Ethiopia,2013,52.1535887
Ethiopia,2012,468.567249
Ethiopia,2011,354.8463544
Ethiopia,2010,341.39992
Ethiopia,2009,379.7566385
Ethiopia,2008,325.3825543
Ethiopia,2007,243.326822
Ethiopia,2006,193.794956
Ethiopia,2005,161.6266248
Ethiopia,2004,135.7623858
Ethiopia,2003,118.8734466
Ethiopia,2002,111.3634356
Ethiopia,2001,12.1789279
Ethiopia,2000,123.876257
Fiji,2015,4921.89629
Fiji,2014,546.3728
Fiji,2013,4763.68956
Fiji,2012,4546.73854
Fiji,2011,4353.121392
Fiji,2010,3651.966784
Fiji,2009,3369.48247
Fiji,2008,4177.657789
Fiji,2007,478.82327
Fiji,2006,3749.939813
Fiji,2005,3658.63832
Fiji,2004,3332.918533
Fiji,2003,2835.973972
Fiji,2002,2259.55796
Fiji,2001,238.891729
Fiji,2000,276.1338
Finland,2015,4245.39744
Finland,2014,49914.61864
Finland,2013,49638.7713
Finland,2012,47415.55987
Finland,2011,579.72415
Finland,2010,4622.41516
Finland,2009,4717.15571
Finland,2008,5341.31487
Finland,2007,48288.5491
Finland,2006,4112.67651
Finland,2005,38969.17163
Finland,2004,37636.11173
Finland,2003,32816.1688
Finland,2002,26834.2625
Finland,2001,24913.24452
Finland,2000,24253.2542
France,2015,36526.7711
France,2014,42955.24287
France,2013,42554.1225
France,2012,4838.2444
France,2011,4381.288
France,2010,473.34279
France,2009,41631.13141
France,2008,45413.6571
France,2007,416.58397
France,2006,36544.5853
France,2005,34879.72633
France,2004,33874.74255
France,2003,29691.18158
France,2002,24275.2426
France,2001,22527.31775
France,2000,22465.64184
Gabon,2015,7388.984144
Gabon,2014,9692.163874
Gabon,2013,9679.742995
Gabon,2012,9774.18117
Gabon,2011,1716.2258
Gabon,2010,8754.113376
Gabon,2009,763.66223
Gabon,2008,194.2746
Gabon,2007,8352.81711
Gabon,2006,727.777345
Gabon,2005,6741.293948
Gabon,2004,5685.577736
Gabon,2003,4892.11618
Gabon,2002,412.55271
Gabon,2001,3976.14887
Gabon,2000,4116.46693
Georgia,2015,3764.64912
Georgia,2014,4429.6575
Georgia,2013,4274.376857
Georgia,2012,4142.869175
Georgia,2011,3725.63221
Georgia,2010,2964.47734
Georgia,2009,276.588512
Georgia,2008,3174.9491
Georgia,2007,2492.12878
Georgia,2006,1872.68416
Georgia,2005,153.57521
Georgia,2004,127.367228
Georgia,2003,928.18227
Georgia,2002,779.3845935
Georgia,2001,733.974142
Georgia,2000,691.997711
Germany,2015,41176.88158
Germany,2014,4792.65288
Germany,2013,4653.91143
Germany,2012,4465.24891
Germany,2011,4681.32796
Germany,2010,41785.55691
Germany,2009,41732.7725
Germany,2008,45699.19832
Germany,2007,41814.8191
Germany,2006,36447.87232
Germany,2005,34696.6292
Germany,2004,34165.9343
Germany,2003,3359.95215
Germany,2002,2525.16445
Germany,2001,23687.31689
Germany,2000,23718.7467
Ghana,2015,1361.11395
Ghana,2014,1432.227943
Ghana,2013,1814.492297
Ghana,2012,1629.8222
Ghana,2011,1574.978653
Ghana,2010,1312.67557
Ghana,2009,186.76538
Ghana,2008,1224.41554
Ghana,2007,19.686718
Ghana,2006,922.9351677
Ghana,2005,498.172394
Ghana,2004,423.1936389
Ghana,2003,373.2815537
Ghana,2002,39.484473
Ghana,2001,273.6596668
Ghana,2000,263.1124679
Greece,2015,187.78991
Greece,2014,21673.7817
Greece,2013,21874.8195
Greece,2012,22242.68193
Greece,2011,25916.29353
Greece,2010,26917.75898
Greece,2009,2971.973
Greece,2008,31997.2821
Greece,2007,28827.32636
Greece,2006,2481.15781
Greece,2005,22551.73574
Greece,2004,21955.149
Greece,2003,18477.57841
Greece,2002,1411.31339
Greece,2001,12538.17883
Greece,2000,1242.95373
Grenada,2015,9212.192824
Grenada,2014,8569.776998
Grenada,2013,7955.615985
Grenada,2012,7583.1872
Grenada,2011,741.48438
Grenada,2010,7365.666659
Grenada,2009,7395.88125
Grenada,2008,7946.944346
Grenada,2007,7322.596862
Grenada,2006,6764.722867
Grenada,2005,6754.512393
Grenada,2004,5836.17763
Grenada,2003,5773.73577
Grenada,2002,5292.232379
Grenada,2001,519.958715
Grenada,2000,5117.589923
Guatemala,2015,3923.573344
Guatemala,2014,3687.763767
Guatemala,2013,3452.828934
Guatemala,2012,3299.65139
Guatemala,2011,3187.845296
Guatemala,2010,2825.5247
Guatemala,2009,2635.753474
Guatemala,2008,2794.22189
Guatemala,2007,2489.955836
Guatemala,2006,2256.56724
Guatemala,2005,277.83438
Guatemala,2004,1872.73783
Guatemala,2003,1753.349471
Guatemala,2002,171.771491
Guatemala,2001,1568.376276
Guatemala,2000,1655.596261
Guinea,2015,554.48766
Guinea,2014,561.997387
Guinea,2013,54.169324
Guinea,2012,52.3485646
Guinea,2011,459.2912
Guinea,2010,438.7513346
Guinea,2009,436.6895539
Guinea,2008,437.4467238
Guinea,2007,49.456775
Guinea,2006,296.68382
Guinea,2005,33.424498
Guinea,2004,386.3288283
Guinea,2003,37.1931781
Guinea,2002,322.811171
Guinea,2001,315.83983
Guinea,2000,34.516918
Guinea-Bissau,2015,596.8717189
Guinea-Bissau,2014,642.6256154
Guinea-Bissau,2013,61.566347
Guinea-Bissau,2012,67.7518833
Guinea-Bissau,2011,692.69989
Guinea-Bissau,2010,543.957418
Guinea-Bissau,2009,544.222779
Guinea-Bissau,2008,583.5445622
Guinea-Bissau,2007,481.694976
Guinea-Bissau,2006,418.94454
Guinea-Bissau,2005,424.9534585
Guinea-Bissau,2004,393.3138244
Guinea-Bissau,2003,36.5718585
Guinea-Bissau,2002,321.481324
Guinea-Bissau,2001,39.486749
Guinea-Bissau,2000,297.7519443
Guyana,2015,4136.689919
Guyana,2014,43.82321
Guyana,2013,3944.178173
Guyana,2012,3785.935665
Guyana,2011,3439.597513
Guyana,2010,326.281212
Guyana,2009,2716.35256
Guyana,2008,2576.124957
Guyana,2007,2327.58324
Guyana,2006,1945.6395
Guyana,2005,198.455216
Guyana,2004,145.58861
Guyana,2003,986.7958173
Guyana,2002,96.8674827
Guyana,2001,925.582546
Guyana,2000,946.599372
Haiti,2015,814.5463952
Haiti,2014,83.1148117
Haiti,2013,81.265673
Haiti,2012,766.8437623
Haiti,2011,74.9358452
Haiti,2010,662.2795182
Haiti,2009,668.297646
Haiti,2008,674.7564147
Haiti,2007,615.8198192
Haiti,2006,55.47626
Haiti,2005,465.311876
Haiti,2004,387.9429725
Haiti,2003,329.782946
Haiti,2002,393.16327
Haiti,2001,413.7383164
Haiti,2000,462.486524
Honduras,2015,2326.15856
Honduras,2014,2242.711912
Honduras,2013,2136.77395
Honduras,2012,2178.38325
Honduras,2011,212.584798
Honduras,2010,1932.85829
Honduras,2009,1815.489496
Honduras,2008,1751.595857
Honduras,2007,1592.572182
Honduras,2006,1437.628785
Honduras,2005,1311.741714
Honduras,2004,1217.657961
Honduras,2003,1157.3427
Honduras,2002,1132.8721
Honduras,2001,113.4546
Honduras,2000,188.783165
Hungary,2015,12365.6263
Hungary,2014,14117.97668
Hungary,2013,13613.6147
Hungary,2012,12834.32349
Hungary,2011,1448.87958
Hungary,2010,1325.53379
Hungary,2009,12967.16543
Hungary,2008,15669.25929
Hungary,2007,13842.6549
Hungary,2006,11398.76584
Hungary,2005,11161.72441
Hungary,2004,1259.5266
Hungary,2003,8396.25323
Hungary,2002,665.6443
Hungary,2001,527.85364
Hungary,2000,4623.46712
Iceland,2015,5734.4436
Iceland,2014,52473.11356
Iceland,2013,4781.3888
Iceland,2012,44333.8518
Iceland,2011,46.217
Iceland,2010,41676.44527
Iceland,2009,4461.89251
Iceland,2008,55575.29196
Iceland,2007,68348.31817
Iceland,2006,5613.54115
Iceland,2005,56249.7555
Iceland,2004,46917.27216
Iceland,2003,3944.999
Iceland,2002,31996.2172
Iceland,2001,28585.9254
Iceland,2000,31813.37344
India,2015,1613.18878
India,2014,1573.11889
India,2013,1452.195373
India,2012,1446.98541
India,2011,1461.671957
India,2010,1345.77153
India,2009,19.317765
India,2008,991.484634
India,2007,118.166373
India,2006,792.259698
India,2005,77.819
India,2004,621.3183767
India,2003,541.1352279
India,2002,466.2842
India,2001,447.138966
India,2000,438.864634
Indonesia,2015,3336.16686
Indonesia,2014,3491.595887
Indonesia,2013,362.663981
Indonesia,2012,3687.953996
Indonesia,2011,3634.27685
Indonesia,2010,3113.48635
Indonesia,2009,2254.44566
Indonesia,2008,216.52766
Indonesia,2007,1855.93915
Indonesia,2006,1586.254
Indonesia,2005,126.928834
Indonesia,2004,1148.56996
Indonesia,2003,164.59447
Indonesia,2002,899.5556857
Indonesia,2001,747.9817455
Indonesia,2000,78.92744
Iraq,2015,4974.2693
Iraq,2014,673.74737
Iraq,2013,6925.22446
Iraq,2012,6651.12242
Iraq,2011,5854.614497
Iraq,2010,452.74948
Iraq,2009,3735.144836
Iraq,2008,4521.3247
Iraq,2007,3129.224922
Iraq,2006,2351.812429
Iraq,2005,1849.63911
Iraq,2004,1391.816923
Ireland,2015,6664.144
Ireland,2014,5553.32623
Ireland,2013,5234.76736
Ireland,2012,49231.36254
Ireland,2011,52567.52568
Ireland,2010,48538.58776
Ireland,2009,51983.78892
Ireland,2008,61235.415
Ireland,2007,61388.17457
Ireland,2006,54326.9713
Ireland,2005,5886.82789
Ireland,2004,47631.6377
Ireland,2003,4117.15532
Ireland,2002,32539.1937
Ireland,2001,28223.55528
Ireland,2000,26241.91883
Israel,2015,35729.37253
Israel,2014,37582.84624
Israel,2013,36393.66932
Israel,2012,32569.59683
Israel,2011,33657.15727
Israel,2010,3661.994
Israel,2009,27795.87671
Israel,2008,29657.4421
Israel,2007,258.637
Israel,2006,2195.1769
Israel,2005,2611.17931
Israel,2004,19888.172
Israel,2003,18946.99942
Israel,2002,18431.15696
Israel,2001,236.19646
Israel,2000,2152.1432
Italy,2015,349.14755
Italy,2014,35396.66517
Italy,2013,3537.27441
Italy,2012,34814.12436
Italy,2011,38334.68477
Italy,2010,35849.37364
Italy,2009,36976.84512
Italy,2008,464.18465
Italy,2007,37698.78573
Italy,2006,3341.7482
Italy,2005,31959.26215
Italy,2004,31174.56118
Italy,2003,27387.2258
Italy,2002,22196.5736
Italy,2001,24.819
Italy,2000,251.2426
Jamaica,2015,4965.989857
Jamaica,2014,4855.743789
Jamaica,2013,56.144952
Jamaica,2012,521.33363
Jamaica,2011,513.549487
Jamaica,2010,4682.728424
Jamaica,2009,4293.383274
Jamaica,2008,492.492378
Jamaica,2007,462.517913
Jamaica,2006,4313.1682
Jamaica,2005,482.24762
Jamaica,2004,3719.97351
Jamaica,2003,3465.221998
Jamaica,2002,3596.496282
Jamaica,2001,3394.878
Jamaica,2000,336.8742
Japan,2015,34474.13736
Japan,2014,3896.21151
Japan,2013,4454.44746
Japan,2012,4863.47665
Japan,2011,48167.99727
Japan,2010,4457.67639
Japan,2009,4855.17564
Japan,2008,39339.29757
Japan,2007,35275.22843
Japan,2006,35433.98896
Japan,2005,37217.64873
Japan,2004,37688.72234
Japan,2003,3488.3992
Japan,2002,32289.3554
Japan,2001,33846.46564
Japan,2000,38532.488
Jordan,2015,496.99275
Jordan,2014,466.94775
Jordan,2013,3992.86717
Jordan,2012,387.753211
Jordan,2011,387.324145
Jordan,2010,3679.19275
Jordan,2009,3492.1396
Jordan,2008,3385.69665
Jordan,2007,2762.86354
Jordan,2006,2537.349
Jordan,2005,223.83787
Jordan,2004,261.456882
Jordan,2003,1889.213962
Jordan,2002,1812.288374
Jordan,2001,1728.2659
Jordan,2000,1657.889256
Kazakhstan,2015,159.9817
Kazakhstan,2014,1286.56511
Kazakhstan,2013,1389.8561
Kazakhstan,2012,12387.18982
Kazakhstan,2011,11634.42422
Kazakhstan,2010,97.649972
Kazakhstan,2009,7165.2775
Kazakhstan,2008,8513.564645
Kazakhstan,2007,6771.414797
Kazakhstan,2006,5291.57565
Kazakhstan,2005,3771.278957
Kazakhstan,2004,2874.288291
Kazakhstan,2003,268.123657
Kazakhstan,2002,1658.31146
Kazakhstan,2001,149.926751
Kazakhstan,2000,1229.958
Kenya,2015,1349.97144
Kenya,2014,1335.6458
Kenya,2013,1229.114798
Kenya,2012,1155.2582
Kenya,2011,987.4453967
Kenya,2010,967.34773
Kenya,2009,92.816252
Kenya,2008,916.8992515
Kenya,2007,839.181117
Kenya,2006,697.66385
Kenya,2005,519.7999346
Kenya,2004,458.8843551
Kenya,2003,436.6875357
Kenya,2002,395.8493511
Kenya,2001,41.7763612
Kenya,2000,43.9797132
Kiribati,2015,1424.483611
Kiribati,2014,1684.54274
Kiribati,2013,1724.361737
Kiribati,2012,1763.815497
Kiribati,2011,1692.613277
Kiribati,2010,1493.1651
Kiribati,2009,1297.285141
Kiribati,2008,1413.3234
Kiribati,2007,1357.632211
Kiribati,2006,1151.555618
Kiribati,2005,1214.556667
Kiribati,2004,113.6286
Kiribati,2003,115.3865
Kiribati,2002,826.58554
Kiribati,2001,734.9492461
Kiribati,2000,796.7937634
Kuwait,2015,28975.418
Kuwait,2014,42996.4812
Kuwait,2013,48399.9581
Kuwait,2012,51264.7134
Kuwait,2011,48268.5912
Kuwait,2010,38497.61696
Kuwait,2009,37567.3121
Kuwait,2008,55571.9986
Kuwait,2007,45793.97614
Kuwait,2006,42717.55725
Kuwait,2005,3549.26132
Kuwait,2004,26921.8278
Kuwait,2003,2271.56961
Kuwait,2002,17789.41981
Kuwait,2001,1654.96761
Kuwait,2000,18389.38433
Latvia,2015,13666.58336
Latvia,2014,15725.1374
Latvia,2013,1532.22924
Latvia,2012,13822.8559
Latvia,2011,1372.68947
Latvia,2010,11326.21947
Latvia,2009,12219.37379
Latvia,2008,16348.53121
Latvia,2007,1444.1589
Latvia,2006,9667.9757
Latvia,2005,7558.7426
Latvia,2004,6351.8125
Latvia,2003,5134.95694
Latvia,2002,4132.34927
Latvia,2001,3572.8513
Latvia,2000,3352.731296
Lebanon,2015,846.632851
Lebanon,2014,8161.4614
Lebanon,2013,846.285153
Lebanon,2012,8787.94668
Lebanon,2011,8734.9653
Lebanon,2010,8763.826274
Lebanon,2009,84.268878
Lebanon,2008,712.775759
Lebanon,2007,614.271115
Lebanon,2006,5372.65899
Lebanon,2005,5339.441291
Lebanon,2004,5424.22356
Lebanon,2003,5425.6697
Lebanon,2002,5436.595223
Lebanon,2001,5253.122599
Lebanon,2000,5334.93329
Lesotho,2015,173.82893
Lesotho,2014,1174.839214
Lesotho,2013,1196.1335
Lesotho,2012,1281.516
Lesotho,2011,1352.38433
Lesotho,2010,1173.26212
Lesotho,2009,923.136931
Lesotho,2008,934.428563
Lesotho,2007,918.432717
Lesotho,2006,915.775754
Lesotho,2005,862.9463118
Lesotho,2004,781.5145936
Lesotho,2003,63.636279
Lesotho,2002,47.89395
Lesotho,2001,437.819184
Lesotho,2000,474.8197876
Liberia,2015,452.38717
Liberia,2014,458.4651734
Liberia,2013,454.1222236
Liberia,2012,415.361958
Liberia,2011,379.689583
Liberia,2010,327.42597
Liberia,2009,33.667491
Liberia,2008,232.61732
Liberia,2007,21.3733292
Liberia,2006,178.92799
Liberia,2005,168.648254
Liberia,2004,149.4452549
Liberia,2003,133.494518
Liberia,2002,177.285187
Liberia,2001,174.1815473
Liberia,2000,183.4149991
Libya,2011,562.549434
Libya,2010,1212.56217
Libya,2009,1296.97353
Libya,2008,14396.4865
Libya,2007,1138.56661
Libya,2006,9344.987518
Libya,2005,8171.361651
Libya,2004,586.8364
Libya,2003,4676.96753
Libya,2002,375.442638
Libya,2001,6269.58123
Libya,2000,7145.628494
Lithuania,2015,14252.42853
Lithuania,2014,16554.97139
Lithuania,2013,15712.82376
Lithuania,2012,14341.836
Lithuania,2011,14357.73679
Lithuania,2010,11984.86857
Lithuania,2009,11837.3913
Lithuania,2008,14961.56818
Lithuania,2007,12297.91535
Lithuania,2006,924.642548
Lithuania,2005,7863.1629
Lithuania,2004,676.966998
Lithuania,2003,555.535669
Lithuania,2002,4146.987928
Lithuania,2001,353.147337
Lithuania,2000,3297.35471
Luxembourg,2015,1199.8223
Luxembourg,2014,119172.7418
Luxembourg,2013,113751.85
Luxembourg,2012,16749.136
Luxembourg,2011,115761.577
Luxembourg,2010,14965.361
Luxembourg,2009,13198.6693
Luxembourg,2008,114293.8433
Luxembourg,2007,1618.4928
Luxembourg,2006,89739.7117
Luxembourg,2005,8289.69641
Luxembourg,2004,75716.3518
Luxembourg,2003,65445.8853
Luxembourg,2002,5293.64115
Luxembourg,2001,48179.4285
Luxembourg,2000,48735.99549
Madagascar,2015,41.8575951
Madagascar,2014,452.4631926
Madagascar,2013,461.723722
Madagascar,2012,443.9611
Madagascar,2011,454.963464
Madagascar,2010,412.739341
Madagascar,2009,415.6893226
Madagascar,2008,47.733254
Madagascar,2007,377.8482928
Madagascar,2006,292.157443
Madagascar,2005,274.819723
Madagascar,2004,245.1235876
Madagascar,2003,316.7998965
Madagascar,2002,262.2859481
Madagascar,2001,278.555732
Madagascar,2000,245.939659
Malawi,2015,362.6575444
Malawi,2014,354.7253961
Malawi,2013,332.922339
Malawi,2012,374.51882
Malawi,2011,512.125451
Malawi,2010,458.8681744
Malawi,2009,42.7379657
Malawi,2008,372.842678
Malawi,2007,32.2227274
Malawi,2006,297.6971211
Malawi,2005,28.3673842
Malawi,2004,274.2256294
Malawi,2003,26.152517
Malawi,2002,29.9798977
Malawi,2001,146.7615397
Malawi,2000,153.2594872
Malaysia,2015,9643.644683
Malaysia,2014,11183.96191
Malaysia,2013,1882.27842
Malaysia,2012,1779.49641
Malaysia,2011,145.1262
Malaysia,2010,971.356987
Malaysia,2009,7326.744435
Malaysia,2008,8513.629541
Malaysia,2007,7269.17114
Malaysia,2006,6222.982955
Malaysia,2005,5593.822995
Malaysia,2004,4955.477743
Malaysia,2003,4463.675893
Malaysia,2002,4167.364387
Malaysia,2001,3915.11546
Malaysia,2000,445.17471
Maldives,2015,8395.785198
Maldives,2014,7716.2415
Maldives,2013,7112.33575
Maldives,2012,6541.7465
Maldives,2011,6497.55443
Maldives,2010,633.79498
Maldives,2009,597.1659
Maldives,2008,5828.621374
Maldives,2007,52.862285
Maldives,2006,4428.522898
Maldives,2005,3488.493769
Maldives,2004,3853.33348
Maldives,2003,3432.247841
Maldives,2002,32.37239
Maldives,2001,298.67598
Maldives,2000,2182.99711
Mali,2015,729.725338
Mali,2014,825.5729915
Mali,2013,777.659139
Mali,2012,777.3476868
Mali,2011,835.88998
Mali,2010,78.377632
Mali,2009,697.153124
Mali,2008,689.6784228
Mali,2007,595.6368319
Mali,2006,521.6425796
Mali,2005,487.942556
Mali,2004,439.3572924
Mali,2003,391.791281
Mali,2002,334.22416
Mali,2001,36.8473237
Mali,2000,269.3483829
Malta,2015,23819.4636
Malta,2014,2618.92599
Malta,2013,2393.1888
Malta,2012,2193.8836
Malta,2011,22821.847
Malta,2010,2187.79469
Malta,2009,2675.58259
Malta,2008,21928.767
Malta,2007,19375.5696
Malta,2006,16671.5672
Malta,2005,15835.34667
Malta,2004,1519.5497
Malta,2003,13689.98999
Malta,2002,11843.9392
Malta,2001,1121.78636
Malta,2000,1139.5651
Mauritania,2015,1158.256469
Mauritania,2014,1326.66882
Mauritania,2013,145.57838
Mauritania,2012,1364.283745
Mauritania,2011,1393.261593
Mauritania,2010,123.383675
Mauritania,2009,146.83851
Mauritania,2008,1167.535689
Mauritania,2007,113.3128
Mauritania,2006,944.134851
Mauritania,2005,697.7451989
Mauritania,2004,62.547286
Mauritania,2003,528.586613
Mauritania,2002,46.9542322
Mauritania,2001,464.229758
Mauritania,2000,477.476124
Mauritius,2015,9252.11724
Mauritius,2014,1153.93822
Mauritius,2013,9637.265
Mauritius,2012,9291.227619
Mauritius,2011,9197.26972
Mauritius,2010,8.376432
Mauritius,2009,7318.12641
Mauritius,2008,83.635
Mauritius,2007,6574.654338
Mauritius,2006,5695.969327
Mauritius,2005,5116.45424
Mauritius,2004,5229.876738
Mauritius,2003,4623.347642
Mauritius,2002,3957.51296
Mauritius,2001,3792.182152
Mauritius,2000,3861.32414
Mexico,2015,9143.128494
Mexico,2014,1452.27766
Mexico,2013,1298.86766
Mexico,2012,982.532572
Mexico,2011,9834.472689
Mexico,2010,8959.581416
Mexico,2009,7748.12331
Mexico,2008,9689.52887
Mexico,2007,933.341687
Mexico,2006,8767.92258
Mexico,2005,7986.798439
Mexico,2004,7199.59665
Mexico,2003,6751.998987
Mexico,2002,716.8219
Mexico,2001,731.378864
Mexico,2000,672.92113
Mongolia,2015,3944.1839
Mongolia,2014,4181.583321
Mongolia,2013,4385.379355
Mongolia,2012,4368.82248
Mongolia,2011,3769.595255
Mongolia,2010,265.353659
Mongolia,2009,1717.898761
Mongolia,2008,2139.625631
Mongolia,2007,1634.81431
Mongolia,2006,1334.651896
Mongolia,2005,998.8226671
Mongolia,2004,797.8377432
Mongolia,2003,646.561295
Mongolia,2002,571.51883
Mongolia,2001,524.145924
Mongolia,2000,474.2133361
Montenegro,2015,6461.192554
Montenegro,2014,7378.345289
Montenegro,2013,7186.429787
Montenegro,2012,6586.71929
Montenegro,2011,7318.742449
Montenegro,2010,6682.281158
Montenegro,2009,6698.79439
Montenegro,2008,7325.73474
Montenegro,2007,5957.145693
Montenegro,2006,4383.59597
Montenegro,2005,3674.617924
Montenegro,2004,338.199535
Montenegro,2003,2789.1735
Montenegro,2002,216.243274
Montenegro,2001,199.583957
Montenegro,2000,1627.42893
Morocco,2015,2847.285569
Morocco,2014,3154.513484
Morocco,2013,3111.762887
Morocco,2012,294.746728
Morocco,2011,339.91616
Morocco,2010,2834.2472
Morocco,2009,2861.5545
Morocco,2008,2884.94776
Morocco,2007,2494.353552
Morocco,2006,2191.478567
Morocco,2005,213.755559
Morocco,2004,1948.812275
Morocco,2003,1721.973863
Morocco,2002,1413.757176
Morocco,2001,1336.775376
Morocco,2000,1332.382358
Mozambique,2015,528.3125597
Mozambique,2014,623.2871141
Mozambique,2013,65.985681
Mozambique,2012,566.513873
Mozambique,2011,526.5313517
Mozambique,2010,419.2258149
Mozambique,2009,463.852618
Mozambique,2008,53.127719
Mozambique,2007,422.1461573
Mozambique,2006,385.7567141
Mozambique,2005,369.1545359
Mozambique,2004,336.3318145
Mozambique,2003,283.8911588
Mozambique,2002,262.884551
Mozambique,2001,256.4414872
Mozambique,2000,277.6486591
Myanmar,2015,1194.59137
Myanmar,2014,1262.893782
Myanmar,2013,1168.83947
Myanmar,2012,1171.58257
Myanmar,2011,1186.423937
Myanmar,2010,987.7365832
Myanmar,2009,741.777116
Myanmar,2008,643.951373
Myanmar,2007,41.451
Myanmar,2006,296.97284
Myanmar,2005,247.24276
Myanmar,2004,219.8156688
Myanmar,2003,219.782326
Myanmar,2002,143.77651
Myanmar,2001,138.9249275
Myanmar,2000,193.187484
Namibia,2015,4737.66996
Namibia,2014,5421.343953
Namibia,2013,5488.131712
Namibia,2012,5749.44752
Namibia,2011,56.971392
Namibia,2010,5191.58381
Namibia,2009,4153.497885
Namibia,2008,429.6561
Namibia,2007,422.51968
Namibia,2006,3881.29535
Namibia,2005,3573.146387
Namibia,2004,3288.257373
Namibia,2003,2482.36862
Namibia,2002,1713.47594
Namibia,2001,1834.29486
Namibia,2000,257.99557
Nepal,2015,743.7653489
Nepal,2014,76.2386977
Nepal,2013,688.6172788
Nepal,2012,681.7925868
Nepal,2011,692.1166842
Nepal,2010,592.1835216
Nepal,2009,48.7299
Nepal,2008,473.844449
Nepal,2007,393.8843518
Nepal,2006,348.6314534
Nepal,2005,317.89198
Nepal,2004,287.4156
Nepal,2003,253.72412
Nepal,2002,246.375621
Nepal,2001,248.6183539
Nepal,2000,231.42554
Netherlands,2015,44292.88473
Netherlands,2014,52157.4687
Netherlands,2013,51574.48942
Netherlands,2012,49474.7561
Netherlands,2011,5354.6536
Netherlands,2010,5338.25483
Netherlands,2009,519.349
Netherlands,2008,56928.8248
Netherlands,2007,51241.31562
Netherlands,2006,44453.97119
Netherlands,2005,41577.169
Netherlands,2004,39954.64222
Netherlands,2003,35245.1647
Netherlands,2002,28817.32321
Netherlands,2001,26584.12169
Netherlands,2000,25921.12794
New Zealand,2015,3821.8937
New Zealand,2014,4453.24673
New Zealand,2013,42889.88141
New Zealand,2012,3997.25624
New Zealand,2011,38426.5581
New Zealand,2010,33691.34837
New Zealand,2009,282.94193
New Zealand,2008,31287.77865
New Zealand,2007,3259.73471
New Zealand,2006,2667.86452
New Zealand,2005,2775.89515
New Zealand,2004,2542.39935
New Zealand,2003,21913.7817
New Zealand,2002,16874.31232
New Zealand,2001,13882.85683
New Zealand,2000,13641.1272
Nicaragua,2015,295.966488
Nicaragua,2014,1975.46477
Nicaragua,2013,1847.19849
Nicaragua,2012,1792.3845
Nicaragua,2011,1682.957924
Nicaragua,2010,1526.497938
Nicaragua,2009,1464.497754
Nicaragua,2008,1518.85386
Nicaragua,2007,1344.31871
Nicaragua,2006,124.992617
Nicaragua,2005,1175.116225
Nicaragua,2004,191.55157
Nicaragua,2003,115.565314
Nicaragua,2002,11.147277
Nicaragua,2001,143.6758
Nicaragua,2000,116.2743
Niger,2015,358.99731
Niger,2014,43.646498
Niger,2013,416.14838
Niger,2012,391.515524
Niger,2011,375.5819866
Niger,2010,348.151511
Niger,2009,341.2894618
Niger,2008,354.8185998
Niger,2007,292.55962
Niger,2006,258.463873
Niger,2005,25.383731
Niger,2004,232.5661574
Niger,2003,215.8548
Niger,2002,177.828384
Niger,2001,165.257247
Niger,2000,158.455972
Nigeria,2015,2655.157977
Nigeria,2014,3221.678128
Nigeria,2013,2996.96432
Nigeria,2012,2755.297787
Nigeria,2011,2527.9423
Nigeria,2010,2327.3267
Nigeria,2009,197.661422
Nigeria,2008,1383.893354
Nigeria,2007,1136.829645
Nigeria,2006,119.743286
Nigeria,2005,87.8938738
Nigeria,2004,648.815852
Nigeria,2003,512.65719
Nigeria,2002,459.4572117
Nigeria,2001,351.7996666
Nigeria,2000,379.1193264
Norway,2015,7455.24654
Norway,2014,975.49856
Norway,2013,1291.435
Norway,2012,11563.727
Norway,2011,1574.9861
Norway,2010,87646.75346
Norway,2009,817.77681
Norway,2008,9688.5961
Norway,2007,85128.65759
Norway,2006,74114.69715
Norway,2005,66775.3944
Norway,2004,5757.26916
Norway,2003,5111.65445
Norway,2002,4361.1538
Norway,2001,38549.58934
Norway,2000,38146.71539
Oman,2015,16627.36433
Oman,2014,2458.45226
Oman,2013,21268.7564
Oman,2012,22134.916
Oman,2011,2986.36
Oman,2010,1928.74739
Oman,2009,16784.34616
Oman,2008,2275.3536
Oman,2007,1585.13226
Oman,2006,1448.55
Oman,2005,12376.97936
Oman,2004,1129.28886
Oman,2003,969.8126
Oman,2002,8629.11774
Oman,2001,8476.61511
Oman,2000,861.18596
Pakistan,2015,1431.244865
Pakistan,2014,1316.98966
Pakistan,2013,1272.44161
Pakistan,2012,1261.28967
Pakistan,2011,1226.215314
Pakistan,2010,14.142268
Pakistan,2009,16.63999
Pakistan,2008,139.31288
Pakistan,2007,95.4327931
Pakistan,2006,873.772727
Pakistan,2005,711.4699463
Pakistan,2004,649.848233
Pakistan,2003,563.594342
Pakistan,2002,499.8633
Pakistan,2001,51.6568157
Pakistan,2000,533.8624114
Panama,2015,13134.4367
Panama,2014,12593.7374
Panama,2013,11685.97983
Panama,2012,1589.82713
Panama,2011,927.723171
Panama,2010,7937.259931
Panama,2009,7429.628274
Panama,2008,6973.9284
Panama,2007,668.8667
Panama,2006,5348.518399
Panama,2005,4916.54886
Panama,2004,4591.892776
Panama,2003,4267.13578
Panama,2002,4126.14671
Panama,2001,446.372833
Panama,2000,46.29935
Papua New Guinea,2014,2182.716565
Papua New Guinea,2013,229.95364
Papua New Guinea,2012,271.318741
Papua New Guinea,2011,177.867119
Papua New Guinea,2010,1366.879112
Papua New Guinea,2009,1166.66337
Papua New Guinea,2008,1178.72469
Papua New Guinea,2007,956.668952
Papua New Guinea,2006,854.346921
Papua New Guinea,2005,77.5773486
Papua New Guinea,2004,637.3616215
Papua New Guinea,2003,588.3582595
Papua New Guinea,2002,511.665773
Papua New Guinea,2001,539.41528
Papua New Guinea,2000,631.9468526
Paraguay,2015,419.367724
Paraguay,2014,4712.822736
Paraguay,2013,4479.95858
Paraguay,2012,3855.537735
Paraguay,2011,3988.11894
Paraguay,2010,3225.591754
Paraguay,2009,2599.596259
Paraguay,2008,359.992184
Paraguay,2007,2312.192926
Paraguay,2006,189.71539
Paraguay,2005,157.145691
Paraguay,2004,148.527976
Paraguay,2003,1174.779347
Paraguay,2002,1148.229882
Paraguay,2001,1417.26582
Paraguay,2000,1545.626423
Peru,2015,63.343259
Peru,2014,6491.5245
Peru,2013,6583.116248
Peru,2012,6387.785281
Peru,2011,5771.565878
Peru,2010,522.493191
Peru,2009,4166.93387
Peru,2008,428.87811
Peru,2007,3611.2147
Peru,2006,3171.49856
Peru,2005,2754.7829
Peru,2004,2448.143899
Peru,2003,218.25997
Peru,2002,259.192958
Peru,2001,1981.243653
Peru,2000,1996.719689
Philippines,2015,2878.33837
Philippines,2014,2842.938353
Philippines,2013,276.289146
Philippines,2012,2581.818554
Philippines,2011,2352.518156
Philippines,2010,2129.499242
Philippines,2009,1825.341521
Philippines,2008,1919.466195
Philippines,2007,1672.685433
Philippines,2006,1391.772325
Philippines,2005,1194.697155
Philippines,2004,179.3715
Philippines,2003,11.553196
Philippines,2002,1.68135
Philippines,2001,957.287441
Philippines,2000,138.91977
Poland,2015,12565.9876
Poland,2014,14341.675
Poland,2013,1378.54911
Poland,2012,13145.1484
Poland,2011,13893.18768
Poland,2010,12599.52486
Poland,2009,11527.59323
Poland,2008,141.44688
Poland,2007,1126.31852
Poland,2006,94.7726
Poland,2005,821.251569
Poland,2004,6681.178818
Poland,2003,5693.52416
Poland,2002,5196.932921
Poland,2001,4981.198619
Poland,2000,4492.72764
Portugal,2015,1922.681
Portugal,2014,2277.53613
Portugal,2013,21618.73534
Portugal,2012,2577.4264
Portugal,2011,23196.18375
Portugal,2010,22538.6548
Portugal,2009,2363.97161
Portugal,2008,24815.6884
Portugal,2007,2278.5845
Portugal,2006,19821.44463
Portugal,2005,18784.9485
Portugal,2004,1845.5881
Portugal,2003,15772.7334
Portugal,2002,12882.28897
Portugal,2001,11729.14616
Portugal,2000,1152.39681
Qatar,2015,66346.52267
Qatar,2014,86852.7119
Qatar,2013,8834.87958
Qatar,2012,88564.82298
Qatar,2011,85948.746
Qatar,2010,736.22784
Qatar,2009,61478.23813
Qatar,2008,82967.37228
Qatar,2007,675.61258
Qatar,2006,6256.55926
Qatar,2005,51488.49529
Qatar,2004,41818.35256
Qatar,2003,34176.98183
Qatar,2002,2999.65492
Qatar,2001,2843.63635
Qatar,2000,29986.2915
Romania,2015,8958.788593
Romania,2014,12.27733
Romania,2013,9585.266593
Romania,2012,8558.39766
Romania,2011,92.277825
Romania,2010,8297.483621
Romania,2009,822.18329
Romania,2008,1136.47356
Romania,2007,8214.185378
Romania,2006,5828.745662
Romania,2005,4676.315183
Romania,2004,3552.92452
Romania,2003,2774.95586
Romania,2002,2124.873613
Romania,2001,1839.72945
Romania,2000,1668.162731
Russian Federation,2015,9329.298351
Russian Federation,2014,14125.961
Russian Federation,2013,15543.67653
Russian Federation,2012,15154.45687
Russian Federation,2011,14212.687
Russian Federation,2010,1674.98771
Russian Federation,2009,8562.89598
Russian Federation,2008,11635.2637
Russian Federation,2007,911.25385
Russian Federation,2006,692.194398
Russian Federation,2005,5323.473877
Russian Federation,2004,412.372294
Russian Federation,2003,2975.132778
Russian Federation,2002,2375.5944
Russian Federation,2001,21.362386
Russian Federation,2000,1771.58662
Rwanda,2015,71.348397
Rwanda,2014,76.5699517
Rwanda,2013,688.8768557
Rwanda,2012,678.796973
Rwanda,2011,617.317648
Rwanda,2010,563.491487
Rwanda,2009,539.1538211
Rwanda,2008,5.6687264
Rwanda,2007,44.853339
Rwanda,2006,342.3656294
Rwanda,2005,287.931877
Rwanda,2004,236.9114381
Rwanda,2003,212.6619491
Rwanda,2002,196.59778
Rwanda,2001,21.569654
Rwanda,2000,216.172747
Samoa,2015,4149.363444
Samoa,2014,4178.973369
Samoa,2013,4219.65123
Samoa,2012,4234.554443
Samoa,2011,3942.9827
Samoa,2010,3453.487434
Samoa,2009,335.112838
Samoa,2008,359.82223
Samoa,2007,322.543121
Samoa,2006,287.963899
Samoa,2005,2571.262348
Samoa,2004,2351.33814
Samoa,2003,197.29417
Samoa,2002,1631.41727
Samoa,2001,1555.47451
Samoa,2000,154.68923
Sao Tome and Principe,2015,1624.63963
Sao Tome and Principe,2014,1821.878734
Sao Tome and Principe,2013,1619.532678
Sao Tome and Principe,2012,138.949959
Sao Tome and Principe,2011,134.326189
Sao Tome and Principe,2010,1129.754961
Sao Tome and Principe,2009,199.57146
Sao Tome and Principe,2008,1126.46212
Sao Tome and Principe,2007,894.927988
Sao Tome and Principe,2006,843.89447
Sao Tome and Principe,2005,81.86157
Sao Tome and Principe,2004,693.345683
Sao Tome and Principe,2003,649.342153
Sao Tome and Principe,2002,555.8185378
Sao Tome and Principe,2001,51.216381
Saudi Arabia,2015,2732.86172
Saudi Arabia,2014,24575.434
Saudi Arabia,2013,24934.38614
Saudi Arabia,2012,2533.9462
Saudi Arabia,2011,2377.74739
Saudi Arabia,2010,19259.58726
Saudi Arabia,2009,1694.2931
Saudi Arabia,2008,237.83234
Saudi Arabia,2007,16472.1665
Saudi Arabia,2006,15334.66994
Saudi Arabia,2005,13739.82945
Saudi Arabia,2004,11138.8746
Saudi Arabia,2003,9567.458285
Saudi Arabia,2002,8655.311531
Saudi Arabia,2001,8643.4944
Saudi Arabia,2000,9126.954277
Senegal,2015,98.7256145
Senegal,2014,152.443873
Senegal,2013,148.912351
Senegal,2012,136.4518
Senegal,2011,18.25321
Senegal,2010,11.631377
Senegal,2009,12.566464
Senegal,2008,11.33678
Senegal,2007,95.3978522
Senegal,2006,89.838296
Senegal,2005,773.8698713
Senegal,2004,733.581811
Senegal,2003,642.7663113
Senegal,2002,513.26227
Senegal,2001,481.287397
Senegal,2000,473.45338
Serbia,2015,5237.255334
Serbia,2014,62.173221
Serbia,2013,6353.826383
Serbia,2012,5659.3824
Serbia,2011,6423.291783
Serbia,2010,5411.87744
Serbia,2009,5821.35397
Serbia,2008,671.773913
Serbia,2007,5458.121718
Serbia,2006,4129.758741
Serbia,2005,3528.1318
Serbia,2004,3331.228766
Serbia,2003,2832.49652
Serbia,2002,2149.9944
Serbia,2001,1634.87561
Serbia,2000,87.1365252
Seychelles,2015,1539.464
Seychelles,2014,1557.77892
Seychelles,2013,15687.34795
Seychelles,2012,12845.17363
Seychelles,2011,12189.9516
Seychelles,2010,184.68447
Seychelles,2009,976.9566
Seychelles,2008,11122.8627
Seychelles,2007,12154.82994
Seychelles,2006,1214.39987
Seychelles,2005,1192.5174
Seychelles,2004,1176.65871
Seychelles,2003,8524.961236
Seychelles,2002,8331.261997
Seychelles,2001,7663.1378
Seychelles,2000,7578.85153
Sierra Leone,2015,587.538233
Sierra Leone,2014,78.4394757
Sierra Leone,2013,71.8186998
Sierra Leone,2012,561.8984239
Sierra Leone,2011,445.525
Sierra Leone,2010,45.128418
Sierra Leone,2009,394.5932439
Sierra Leone,2008,46.3759178
Sierra Leone,2007,358.8274716
Sierra Leone,2006,322.313468
Sierra Leone,2005,287.6891942
Sierra Leone,2004,263.145817
Sierra Leone,2003,263.7618312
Sierra Leone,2002,249.939542
Sierra Leone,2001,227.779471
Sierra Leone,2000,139.3147734
Singapore,2015,53629.73746
Singapore,2014,56336.7234
Singapore,2013,5629.18914
Singapore,2012,54431.16199
Singapore,2011,53166.67581
Singapore,2010,46569.67951
Singapore,2009,38577.55822
Singapore,2008,39721.4818
Singapore,2007,39223.58187
Singapore,2006,33579.85948
Singapore,2005,29869.85398
Singapore,2004,2745.27136
Singapore,2003,23573.6284
Singapore,2002,2216.83279
Singapore,2001,21577.7823
Singapore,2000,23792.677
Slovenia,2015,2729.86383
Slovenia,2014,242.67286
Slovenia,2013,2315.31799
Slovenia,2012,22486.47167
Slovenia,2011,24985.24827
Slovenia,2010,23437.4722
Slovenia,2009,24633.79785
Slovenia,2008,2751.8127
Slovenia,2007,23841.31792
Slovenia,2006,19726.1265
Slovenia,2005,18169.1891
Slovenia,2004,1726.9151
Slovenia,2003,1488.47154
Slovenia,2002,11814.9994
Slovenia,2001,1479.29634
Slovenia,2000,1227.73677
Solomon Islands,2015,1922.41388
Solomon Islands,2014,29.652622
Solomon Islands,2013,188.5159
Solomon Islands,2012,1858.689868
Solomon Islands,2011,1642.837974
Solomon Islands,2010,1272.44825
Solomon Islands,2009,1158.282672
Solomon Islands,2008,125.79167
Solomon Islands,2007,146.931125
Solomon Islands,2006,948.6592511
Solomon Islands,2005,88.874858
Solomon Islands,2004,818.442619
Solomon Islands,2003,744.7657423
Solomon Islands,2002,784.9562874
Solomon Islands,2001,944.81684
Solomon Islands,2000,154.518572
Somalia,2015,426.98537
Somalia,2014,417.89143
Somalia,2013,47.5432354
South Africa,2015,5769.77258
South Africa,2014,6479.625659
South Africa,2013,6876.953821
South Africa,2012,7548.163698
South Africa,2011,849.954224
South Africa,2010,7362.76139
South Africa,2009,5888.6284
South Africa,2008,5786.59972
South Africa,2007,6125.39984
South Africa,2006,5631.73485
South Africa,2005,5414.634326
South Africa,2004,4863.51688
South Africa,2003,3775.68275
South Africa,2002,2518.398261
South Africa,2001,2681.781
South Africa,2000,337.2253
Spain,2015,25683.84565
Spain,2014,296.47225
Spain,2013,2921.9342
Spain,2012,28562.29324
Spain,2011,31834.21816
Spain,2010,3736.228
Spain,2009,32333.4661
Spain,2008,35578.73619
Spain,2007,3279.414
Spain,2006,28482.6948
Spain,2005,2651.71745
Spain,2004,24918.64584
Spain,2003,21495.7741
Spain,2002,1719.53541
Spain,2001,15323.6114
Spain,2000,14676.769
Sri Lanka,2015,3844.89123
Sri Lanka,2014,382.54994
Sri Lanka,2013,361.289374
Sri Lanka,2012,335.521375
Sri Lanka,2011,322.992615
Sri Lanka,2010,2819.511161
Sri Lanka,2009,216.681584
Sri Lanka,2008,254.489192
Sri Lanka,2007,1644.816372
Sri Lanka,2006,1448.7611
Sri Lanka,2005,1259.87591
Sri Lanka,2004,174.6692
Sri Lanka,2003,989.4547732
Sri Lanka,2002,873.1472436
Sri Lanka,2001,837.699787
Sri Lanka,2000,875.412178
Suriname,2015,8818.982566
Suriname,2014,9564.46383
Suriname,2013,9484.56898
Suriname,2012,9272.413453
Suriname,2011,8318.97692
Suriname,2010,833.31332
Suriname,2009,7443.85178
Suriname,2008,6858.163158
Suriname,2007,5761.39536
Suriname,2006,527.92
Suriname,2005,3595.8855
Suriname,2004,36.48773
Suriname,2003,263.1399
Suriname,2002,2232.513244
Suriname,2001,1598.77512
Suriname,2000,1888.61829
Swaziland,2015,3136.92511
Swaziland,2014,3464.35169
Swaziland,2013,3598.75972
Swaziland,2012,3851.51547
Swaziland,2011,3934.27325
Swaziland,2010,369.239336
Swaziland,2009,332.517125
Swaziland,2008,2842.438422
Swaziland,2007,347.48798
Swaziland,2006,2937.36723
Swaziland,2005,2873.862141
Swaziland,2004,2529.633557
Swaziland,2003,22.99449
Swaziland,2002,1324.996228
Swaziland,2001,1437.634951
Swaziland,2000,1637.4567
Sweden,2015,5585.25847
Sweden,2014,5918.19898
Sweden,2013,6283.24522
Sweden,2012,57134.777
Sweden,2011,59593.28711
Sweden,2010,5276.25591
Sweden,2009,4627.592
Sweden,2008,55746.84238
Sweden,2007,53324.37937
Sweden,2006,46256.4716
Sweden,2005,4385.35315
Sweden,2004,42442.2245
Sweden,2003,36961.42537
Sweden,2002,29571.7446
Sweden,2001,26969.24457
Sweden,2000,29283.55
Switzerland,2015,8989.8424
Switzerland,2014,85814.58857
Switzerland,2013,84658.88768
Switzerland,2012,83164.38795
Switzerland,2011,87998.44468
Switzerland,2010,74276.71842
Switzerland,2009,69672.471
Switzerland,2008,72119.5687
Switzerland,2007,63223.46778
Switzerland,2006,57348.92788
Switzerland,2005,54797.54663
Switzerland,2004,53255.97631
Switzerland,2003,4796.56497
Switzerland,2002,41336.72192
Switzerland,2001,38538.64447
Switzerland,2000,37813.23426
Syrian Arab Republic,2007,258.3529
Syrian Arab Republic,2006,1762.24617
Syrian Arab Republic,2005,1577.457182
Syrian Arab Republic,2004,148.852738
Syrian Arab Republic,2003,1253.39143
Syrian Arab Republic,2002,1263.13455
Syrian Arab Republic,2001,1258.421953
Syrian Arab Republic,2000,1177.629268
Tajikistan,2015,918.6771543
Tajikistan,2014,114.45919
Tajikistan,2013,14.214412
Tajikistan,2012,954.725253
Tajikistan,2011,834.5412953
Tajikistan,2010,738.3475227
Tajikistan,2009,666.3458569
Tajikistan,2008,76.914128
Tajikistan,2007,52.35956
Tajikistan,2006,44.2872665
Tajikistan,2005,337.359236
Tajikistan,2004,39.281834
Tajikistan,2003,236.314438
Tajikistan,2002,189.3878519
Tajikistan,2001,17.8159721
Tajikistan,2000,138.436633
Thailand,2015,5814.863134
Thailand,2014,5941.8471
Thailand,2013,6171.262444
Thailand,2012,5859.915622
Thailand,2011,5491.159981
Thailand,2010,575.32176
Thailand,2009,4212.5492
Thailand,2008,4378.68746
Thailand,2007,3972.26475
Thailand,2006,3368.952576
Thailand,2005,2893.651356
Thailand,2004,2659.83918
Thailand,2003,2358.93629
Thailand,2002,296.54617
Thailand,2001,1893.145377
Thailand,2000,27.564826
Timor-Leste,2015,1161.76935
Timor-Leste,2014,1153.51578
Timor-Leste,2013,117.765674
Timor-Leste,2012,1117.77724
Timor-Leste,2011,114.56179
Timor-Leste,2010,849.8626972
Timor-Leste,2009,757.3114436
Timor-Leste,2008,643.71911
Timor-Leste,2007,524.8959363
Timor-Leste,2006,441.53226
Timor-Leste,2005,478.331859
Timor-Leste,2004,467.5438297
Timor-Leste,2003,471.4565823
Timor-Leste,2002,48.61552
Timor-Leste,2001,56.4249869
Timor-Leste,2000,422.28633
Togo,2015,551.138346
Togo,2014,62.1318489
Togo,2013,579.43485
Togo,2012,563.6894247
Togo,2011,562.3393592
Togo,2010,487.9238913
Togo,2009,499.6468713
Togo,2008,513.391914
Togo,2007,42.764743
Togo,2006,377.33629
Togo,2005,372.1721837
Togo,2004,349.9937253
Togo,2003,31.437144
Togo,2002,28.832123
Togo,2001,26.6394652
Togo,2000,26.3932935
Tonga,2015,493.775387
Tonga,2014,4192.349758
Tonga,2013,4266.557174
Tonga,2012,451.542462
Tonga,2011,445.18866
Tonga,2010,3547.59975
Tonga,2009,37.846563
Tonga,2008,3392.64743
Tonga,2007,2932.315883
Tonga,2006,2892.522663
Tonga,2005,2594.74999
Tonga,2004,2284.37858
Tonga,2003,229.714718
Tonga,2002,1842.44421
Tonga,2001,1837.977391
Tonga,2000,263.27236
Trinidad and Tobago,2015,17321.83373
Trinidad and Tobago,2014,19325.24283
Trinidad and Tobago,2013,1967.83283
Trinidad and Tobago,2012,19152.531
Trinidad and Tobago,2011,1953.9767
Trinidad and Tobago,2010,16683.94578
Trinidad and Tobago,2009,1458.8796
Trinidad and Tobago,2008,21188.11857
Trinidad and Tobago,2007,1653.1844
Trinidad and Tobago,2006,1495.96337
Trinidad and Tobago,2005,12323.1275
Trinidad and Tobago,2004,129.51914
Trinidad and Tobago,2003,884.518666
Trinidad and Tobago,2002,749.626612
Trinidad and Tobago,2001,6935.721451
Trinidad and Tobago,2000,643.947262
Tunisia,2015,3828.91589
Tunisia,2014,4271.68172
Tunisia,2013,4199.47253
Tunisia,2012,4137.55421
Tunisia,2011,4256.91279
Tunisia,2010,414.15177
Tunisia,2009,4129.977335
Tunisia,2008,431.9326
Tunisia,2007,3778.184171
Tunisia,2006,3371.71231
Tunisia,2005,3194.562243
Tunisia,2004,3112.83529
Tunisia,2003,2761.969249
Tunisia,2002,2346.5937
Tunisia,2001,2254.933126
Tunisia,2000,2213.91488
Turkey,2015,1979.52569
Turkey,2014,12127.22522
Turkey,2013,12542.93565
Turkey,2012,1172.3843
Turkey,2011,11341.13395
Turkey,2010,1672.5693
Turkey,2009,936.499911
Turkey,2008,185.68975
Turkey,2007,979.49246
Turkey,2006,834.869161
Turkey,2005,7384.354661
Turkey,2004,64.72953
Turkey,2003,4718.51291
Turkey,2002,366.57
Turkey,2001,3119.63716
Turkey,2000,4316.553895
Turkmenistan,2015,6432.668768
Turkmenistan,2014,7962.365824
Turkmenistan,2013,734.42525
Turkmenistan,2012,6675.262954
Turkmenistan,2011,5649.978486
Turkmenistan,2010,4439.23
Turkmenistan,2009,436.459223
Turkmenistan,2008,394.467675
Turkmenistan,2007,26.371428
Turkmenistan,2006,2136.66815
Turkmenistan,2005,174.51475
Turkmenistan,2004,1453.917166
Turkmenistan,2003,1283.885977
Turkmenistan,2002,967.917468
Turkmenistan,2001,774.4763388
Turkmenistan,2000,643.17518
Uganda,2015,693.8963829
Uganda,2014,719.172669
Uganda,2013,662.492293
Uganda,2012,647.74741
Uganda,2011,584.3962137
Uganda,2010,594.9972557
Uganda,2009,647.17732
Uganda,2008,449.6928183
Uganda,2007,41.858631
Uganda,2006,336.4593923
Uganda,2005,315.788227
Uganda,2004,288.236949
Uganda,2003,237.9995917
Uganda,2002,24.2423229
Uganda,2001,234.984775
Uganda,2000,257.63369
Ukraine,2015,2124.662666
Ukraine,2014,314.658296
Ukraine,2013,429.71554
Ukraine,2012,3855.42128
Ukraine,2011,3569.75727
Ukraine,2010,2965.142365
Ukraine,2009,2545.48341
Ukraine,2008,3891.37823
Ukraine,2007,368.68998
Ukraine,2006,233.18831
Ukraine,2005,1828.717626
Ukraine,2004,1367.352433
Ukraine,2003,148.522488
Ukraine,2002,879.475486
Ukraine,2001,78.738243
Ukraine,2000,635.789635
United Arab Emirates,2015,3911.74689
United Arab Emirates,2014,44449.7435
United Arab Emirates,2013,4335.64268
United Arab Emirates,2012,42112.23565
United Arab Emirates,2011,4462.3129
United Arab Emirates,2010,3549.14832
United Arab Emirates,2009,3372.57517
United Arab Emirates,2008,45758.9554
United Arab Emirates,2007,42672.61323
United Arab Emirates,2006,42372.22166
United Arab Emirates,2005,39439.8197
United Arab Emirates,2004,36161.1761
United Arab Emirates,2003,3323.52318
United Arab Emirates,2002,31311.35936
United Arab Emirates,2001,3161.52935
United Arab Emirates,2000,3371.26869
Uruguay,2015,15524.84247
Uruguay,2014,16737.89827
Uruguay,2013,16881.2568
Uruguay,2012,1592.6819
Uruguay,2011,14166.4998
Uruguay,2010,11938.212
Uruguay,2009,9415.17386
Uruguay,2008,962.312164
Uruguay,2007,79.69746
Uruguay,2006,5877.87678
Uruguay,2005,522.951116
Uruguay,2004,4117.38853
Uruguay,2003,3622.52284
Uruguay,2002,488.768855
Uruguay,2001,6281.37747
Uruguay,2000,6871.897677
Uzbekistan,2015,2137.576852
Uzbekistan,2014,25.448414
Uzbekistan,2013,197.551233
Uzbekistan,2012,174.468298
Uzbekistan,2011,1564.966945
Uzbekistan,2010,1377.8214
Uzbekistan,2009,1213.265328
Uzbekistan,2008,182.28625
Uzbekistan,2007,83.476942
Uzbekistan,2006,654.2838373
Uzbekistan,2005,546.776852
Uzbekistan,2004,465.1198869
Uzbekistan,2003,396.129969
Uzbekistan,2002,383.3494997
Uzbekistan,2001,456.734892
Uzbekistan,2000,558.221144
Vanuatu,2015,285.83414
Vanuatu,2014,3148.36513
Vanuatu,2013,3167.34356
Vanuatu,2012,3158.58688
Vanuatu,2011,3275.91684
Vanuatu,2010,2965.82434
Vanuatu,2009,2643.441423
Vanuatu,2008,2697.961375
Vanuatu,2007,2393.367265
Vanuatu,2006,247.97823
Vanuatu,2005,1886.433359
Vanuatu,2004,1787.94723
Vanuatu,2003,158.52724
Vanuatu,2002,1353.934819
Vanuatu,2001,1362.61731
Vanuatu,2000,1469.849149
Zambia,2015,1313.889646
Zambia,2014,1738.8822
Zambia,2013,185.793359
Zambia,2012,1734.93612
Zambia,2011,1644.619672
Zambia,2010,1463.213573
Zambia,2009,1139.11233
Zambia,2008,1369.68249
Zambia,2007,114.587985
Zambia,2006,13.154199
Zambia,2005,691.3178164
Zambia,2004,53.2772217
Zambia,2003,429.1583434
Zambia,2002,377.135244
Zambia,2001,378.2736238
Zambia,2000,341.955625
Zimbabwe,2015,118.69383
Zimbabwe,2014,127.47462
Zimbabwe,2013,111.227396
Zimbabwe,2012,955.648466
Zimbabwe,2011,839.927936
Zimbabwe,2010,713.63562
Zimbabwe,2009,65.824121
Zimbabwe,2008,325.678573
Zimbabwe,2007,396.9982166
Zimbabwe,2006,414.796232
Zimbabwe,2005,444.76575
Zimbabwe,2004,454.366654
Zimbabwe,2003,453.3511552
Zimbabwe,2002,57.34834
Zimbabwe,2001,548.587312
Zimbabwe,2000,547.3588785
